Sales Amount,Quantity Sold,Order Date,Customer Rating,Discount (%),Product Category_Beauty & Health,Product Category_Books,Product Category_Electronics,Product Category_Fashion,Product Category_Grocery,Product Category_Home Decor,Product Category_Toys & Baby,Region_Central,Region_East,Region_North,Region_South,Region_West,Payment Method_COD,Payment Method_Credit Card,Payment Method_Debit Card,Payment Method_Net Banking,Payment Method_UPI
1.1155116155640086,-1.1233289418851236,2023-01-01 00:00:00,-1.3062895013357125,-0.6116590279844317,False,False,False,False,False,True,False,False,True,False,False,False,False,False,False,False,True
-1.5676415970886903,0.029018694623817037,2023-01-01 12:00:00,0.0722892217941205,0.07559830682953635,True,False,False,False,False,False,False,False,False,False,False,True,False,True,False,False,False
-0.7538026916105031,-1.507444820721437,2023-01-02 00:00:00,-1.3062895013357125,-1.2989163627984,False,False,True,False,False,False,False,True,False,False,False,False,False,False,False,True,False
0.4272518259642437,0.797250452296444,2023-01-02 12:00:00,-0.7893224801620251,-1.2989163627984,False,False,False,False,False,True,False,False,False,False,True,False,False,False,False,False,True
0.30508616244875425,-1.507444820721437,2023-01-03 00:00:00,-1.5647730119225562,-0.6116590279844317,False,False,False,False,True,False,False,False,False,False,True,False,True,False,False,False,False
-0.5966042275280717,-0.3550971842124965,2023-01-03 12:00:00,0.6754174131634222,0.07559830682953635,False,False,True,False,False,False,False,True,False,False,False,False,False,False,False,True,False
1.30504804940054,1.565482209969071,2023-01-04 00:00:00,-0.18619428879272343,0.07559830682953635,False,False,False,False,False,False,True,False,False,False,True,False,False,True,False,False,False
-0.9269904851824616,-1.507444820721437,2023-01-04 12:00:00,1.3647067747283386,-1.2989163627984,False,False,False,False,False,False,True,False,True,False,False,False,True,False,False,False,False
0.8690244238827564,-0.3550971842124965,2023-01-05 00:00:00,0.6754174131634222,-1.2989163627984,False,False,False,True,False,False,False,True,False,False,False,False,False,False,False,True,False
0.31927893806305374,0.41313457346013055,2023-01-05 12:00:00,-0.8754836503576398,1.4501129764574725,True,False,False,False,False,False,False,False,False,False,True,False,False,False,False,True,False
1.1564730439192021,0.41313457346013055,2023-01-06 00:00:00,1.3647067747283386,-0.6116590279844317,False,False,False,True,False,False,False,False,False,False,True,False,False,True,False,False,False
-0.22705309539371607,1.1813663311327576,2023-01-06 12:00:00,-0.7893224801620251,-1.2989163627984,False,False,False,False,True,False,False,False,True,False,False,False,False,True,False,False,False
-1.4194259023823979,-1.507444820721437,2023-01-07 00:00:00,0.2446115621853494,0.07559830682953635,False,False,False,False,False,True,False,False,False,True,False,False,False,False,False,True,False
-1.583990237353263,0.797250452296444,2023-01-07 12:00:00,-1.3924506715313272,-0.6116590279844317,False,False,False,False,True,False,False,False,True,False,False,False,False,False,False,True,False
-1.2850436725153596,-1.507444820721437,2023-01-08 00:00:00,-0.2723554589883377,0.7628556416435044,False,False,False,False,False,True,False,False,False,False,False,True,False,False,False,False,True
-0.7679954672248025,0.797250452296444,2023-01-08 12:00:00,1.5370291151195679,-1.2989163627984,True,False,False,False,False,False,False,False,False,False,True,False,True,False,False,False,False
-0.814705867980725,-0.73921306304881,2023-01-09 00:00:00,1.1923844343371102,0.7628556416435044,False,False,False,True,False,False,False,False,False,True,False,False,True,False,False,False,False
-0.5687576424620411,1.1813663311327576,2023-01-09 12:00:00,0.15845039198973515,-0.6116590279844317,False,False,False,False,True,False,False,False,False,False,True,False,True,False,False,False,False
1.4340406176418952,-0.73921306304881,2023-01-10 00:00:00,-1.3062895013357125,0.07559830682953635,False,True,False,False,False,False,False,False,False,False,False,True,True,False,False,False,False
-0.5730693717625878,-1.507444820721437,2023-01-10 12:00:00,1.2785456045327244,-0.6116590279844317,True,False,False,False,False,False,False,True,False,False,False,False,False,False,False,False,True
-0.16525164208588022,1.1813663311327576,2023-01-11 00:00:00,-1.5647730119225562,0.7628556416435044,False,False,False,False,True,False,False,False,False,False,True,False,False,False,True,False,False
1.680887120098193,-0.73921306304881,2023-01-11 12:00:00,0.0722892217941205,0.7628556416435044,False,False,False,False,False,False,True,False,True,False,False,False,False,True,False,False,False
1.5890832170740532,-1.1233289418851236,2023-01-12 00:00:00,0.5030950727721933,0.07559830682953635,False,False,False,False,False,True,False,False,False,False,True,False,False,False,False,False,True
-1.228631880833207,-1.507444820721437,2023-01-12 12:00:00,-0.7893224801620251,-0.6116590279844317,False,True,False,False,False,False,False,False,True,False,False,False,False,False,False,True,False
-1.6881903621164747,-0.73921306304881,2023-01-13 00:00:00,-1.4786118417269416,1.4501129764574725,True,False,False,False,False,False,False,False,False,False,True,False,False,False,False,False,True
1.712506468302202,-1.1233289418851236,2023-01-13 12:00:00,0.589256242967808,1.4501129764574725,False,False,False,False,False,False,True,False,False,False,False,True,False,False,False,True,False
-1.18228079085233,-1.1233289418851236,2023-01-14 00:00:00,0.6754174131634222,-1.2989163627984,False,False,True,False,False,False,False,True,False,False,False,False,False,True,False,False,False
-1.3809796494525233,0.41313457346013055,2023-01-14 12:00:00,1.4508679449239537,-1.2989163627984,True,False,False,False,False,False,False,False,False,False,False,True,False,False,False,False,True
-1.4945218543669194,-1.507444820721437,2023-01-15 00:00:00,-0.6170001397707963,0.7628556416435044,False,False,False,False,False,False,True,False,False,True,False,False,False,False,False,False,True
1.495842070949731,-1.1233289418851236,2023-01-15 12:00:00,1.4508679449239537,1.4501129764574725,False,False,False,False,False,False,True,False,True,False,False,False,False,True,False,False,False
0.32484825507625986,0.41313457346013055,2023-01-16 00:00:00,0.6754174131634222,-1.2989163627984,False,False,True,False,False,False,False,False,True,False,False,False,False,False,False,False,True
-1.083290672327279,-0.73921306304881,2023-01-16 12:00:00,-1.2201283311400979,-1.2989163627984,False,False,False,False,False,True,False,False,False,True,False,False,False,True,False,False,False
-1.023285772894671,-0.3550971842124965,2023-01-17 00:00:00,1.623190285315183,0.07559830682953635,False,False,False,False,True,False,False,False,False,True,False,False,False,True,False,False,False
-0.13435091543196231,-1.507444820721437,2023-01-17 12:00:00,-0.7031613099664105,1.4501129764574725,False,False,False,True,False,False,False,False,False,False,False,True,False,False,True,False,False
0.8832171994970559,1.1813663311327576,2023-01-18 00:00:00,0.589256242967808,0.7628556416435044,False,True,False,False,False,False,False,False,True,False,False,False,False,False,False,False,True
0.18705257284628868,0.797250452296444,2023-01-18 12:00:00,1.623190285315183,-1.2989163627984,False,False,False,True,False,False,False,False,False,True,False,False,False,True,False,False,False
-0.14261506325801013,0.797250452296444,2023-01-19 00:00:00,0.9339009237502658,1.4501129764574725,False,False,False,False,True,False,False,False,False,False,True,False,False,True,False,False,False
0.1741173849446486,-0.73921306304881,2023-01-19 12:00:00,-0.9616448205532544,0.07559830682953635,False,False,False,False,False,True,False,False,True,False,False,False,False,False,True,False,False
0.11986145791276946,-0.73921306304881,2023-01-20 00:00:00,0.33077273238096405,-1.2989163627984,True,False,False,False,False,False,False,False,False,False,True,False,False,False,True,False,False
-0.20711134737868767,-1.1233289418851236,2023-01-20 12:00:00,-1.5647730119225562,0.07559830682953635,False,False,False,True,False,False,False,True,False,False,False,False,False,True,False,False,False
0.11626835016231389,-1.507444820721437,2023-01-21 00:00:00,0.5030950727721933,-0.6116590279844317,False,False,False,False,False,True,False,False,False,False,True,False,False,False,True,False,False
0.25693851859264955,0.797250452296444,2023-01-21 12:00:00,0.7615785833590368,1.4501129764574725,False,False,False,False,False,False,True,False,False,False,True,False,False,False,True,False,False
-1.252885358148782,0.797250452296444,2023-01-22 00:00:00,0.9339009237502658,0.7628556416435044,False,False,False,False,True,False,False,False,False,False,True,False,True,False,False,False,False
1.1140743724638265,-1.1233289418851236,2023-01-22 12:00:00,-1.0478059907488688,0.07559830682953635,False,False,False,False,False,False,True,False,False,False,False,True,False,False,True,False,False
1.3605615641450788,0.797250452296444,2023-01-23 00:00:00,0.0722892217941205,-0.6116590279844317,False,False,False,False,True,False,False,False,False,False,True,False,False,False,False,False,True
0.47072842974475615,1.1813663311327576,2023-01-23 12:00:00,0.5030950727721933,0.07559830682953635,False,False,False,False,False,True,False,False,False,False,True,False,False,False,False,True,False
-0.24430001259590284,-1.507444820721437,2023-01-24 00:00:00,0.33077273238096405,1.4501129764574725,True,False,False,False,False,False,False,False,True,False,False,False,False,False,False,False,True
0.8902237596104442,1.565482209969071,2023-01-24 12:00:00,-0.5308389695751816,0.7628556416435044,False,False,True,False,False,False,False,False,True,False,False,False,False,False,False,True,False
-1.1558714488864816,0.797250452296444,2023-01-25 00:00:00,1.1923844343371102,-1.2989163627984,False,False,False,True,False,False,False,False,True,False,False,False,False,False,True,False,False
-1.4373914411346758,-0.73921306304881,2023-01-25 12:00:00,0.33077273238096405,0.7628556416435044,True,False,False,False,False,False,False,False,True,False,False,False,False,True,False,False,False
-1.0137640373559638,1.1813663311327576,2023-01-26 00:00:00,-0.9616448205532544,-0.6116590279844317,False,False,False,False,False,False,True,False,False,True,False,False,False,False,True,False,False
1.773409644672424,0.797250452296444,2023-01-26 12:00:00,-1.7370953523137855,-0.6116590279844317,False,True,False,False,False,False,False,False,False,False,False,True,False,True,False,False,False
-1.538717079697523,1.1813663311327576,2023-01-27 00:00:00,-1.3924506715313272,-1.2989163627984,False,False,False,False,True,False,False,False,True,False,False,False,False,False,False,True,False
0.37137900044465955,0.41313457346013055,2023-01-27 12:00:00,-0.18619428879272343,0.07559830682953635,False,False,False,False,False,False,True,True,False,False,False,False,False,True,False,False,False
0.21903123182534326,1.565482209969071,2023-01-28 00:00:00,1.623190285315183,0.7628556416435044,False,True,False,False,False,False,False,False,False,False,True,False,True,False,False,False,False
0.6882911040348411,0.029018694623817037,2023-01-28 12:00:00,-0.444677799379567,-1.2989163627984,False,False,False,False,True,False,False,False,True,False,False,False,False,True,False,False,False
-0.28687833943880137,-0.73921306304881,2023-01-29 00:00:00,0.589256242967808,1.4501129764574725,False,False,False,False,False,False,True,False,False,False,False,True,False,True,False,False,False
0.019074785512490644,-0.73921306304881,2023-01-29 12:00:00,-1.1339671609444835,-1.2989163627984,False,False,False,False,False,True,False,False,True,False,False,False,False,False,True,False,False
0.6115782535626145,-1.507444820721437,2023-01-30 00:00:00,-1.3062895013357125,-1.2989163627984,False,False,False,True,False,False,False,False,False,True,False,False,False,False,True,False,False
-0.48737375191422233,1.1813663311327576,2023-01-30 12:00:00,1.5370291151195679,1.4501129764574725,False,False,False,True,False,False,False,False,False,False,False,True,False,False,False,False,True
-0.7026009061665112,-1.1233289418851236,2023-01-31 00:00:00,-0.7893224801620251,1.4501129764574725,False,False,True,False,False,False,False,False,False,True,False,False,False,False,True,False,False
-1.6932207129671124,-0.73921306304881,2023-01-31 12:00:00,1.3647067747283386,1.4501129764574725,False,True,False,False,False,False,False,False,False,True,False,False,False,False,False,False,True
-0.9501660301729001,1.1813663311327576,2023-02-01 00:00:00,1.1923844343371102,0.07559830682953635,False,False,True,False,False,False,False,False,False,False,False,True,False,True,False,False,False
-1.5433881197731152,1.1813663311327576,2023-02-01 12:00:00,1.2785456045327244,-1.2989163627984,False,False,False,False,False,True,False,False,False,False,False,True,False,False,False,True,False
0.3500000093294489,-0.3550971842124965,2023-02-02 00:00:00,0.6754174131634222,0.07559830682953635,True,False,False,False,False,False,False,False,False,False,True,False,False,False,False,True,False
-0.3515542789470017,-0.3550971842124965,2023-02-02 12:00:00,1.0200620939458809,-1.2989163627984,False,False,False,False,True,False,False,False,False,True,False,False,False,False,True,False,False
-1.5396153566351367,0.029018694623817037,2023-02-03 00:00:00,0.7615785833590368,0.7628556416435044,False,False,False,False,False,True,False,False,False,False,False,True,False,False,True,False,False
-0.1898644301765009,0.41313457346013055,2023-02-03 12:00:00,-0.8754836503576398,-1.2989163627984,True,False,False,False,False,False,False,False,False,False,True,False,False,True,False,False,False
1.3790660690599248,0.029018694623817037,2023-02-04 00:00:00,-0.9616448205532544,0.7628556416435044,False,False,False,True,False,False,False,True,False,False,False,False,False,False,True,False,False
-0.0570990987971675,0.797250452296444,2023-02-04 12:00:00,-0.013871948401494139,-1.2989163627984,False,True,False,False,False,False,False,False,False,True,False,False,False,False,True,False,False
0.4669556666067778,-1.1233289418851236,2023-02-05 00:00:00,1.623190285315183,0.07559830682953635,False,False,False,False,False,False,True,False,False,False,True,False,False,False,False,False,True
-0.5847469719515683,0.797250452296444,2023-02-05 12:00:00,-1.2201283311400979,0.7628556416435044,False,False,True,False,False,False,False,True,False,False,False,False,True,False,False,False,False
-0.1823189039005442,0.797250452296444,2023-02-06 00:00:00,-0.10003311859710878,-1.2989163627984,False,False,False,True,False,False,False,True,False,False,False,False,True,False,False,False,False
-0.4271891970940915,-1.507444820721437,2023-02-06 12:00:00,-0.7893224801620251,0.7628556416435044,False,False,True,False,False,False,False,False,False,False,False,True,False,False,True,False,False
-0.7742834057880998,0.797250452296444,2023-02-07 00:00:00,-0.10003311859710878,0.7628556416435044,False,False,False,False,False,False,True,False,False,False,True,False,True,False,False,False,False
1.5917780478868948,0.029018694623817037,2023-02-07 12:00:00,-0.013871948401494139,-1.2989163627984,False,False,False,False,False,True,False,False,True,False,False,False,False,False,False,True,False
1.2328265836163832,-0.73921306304881,2023-02-08 00:00:00,1.3647067747283386,1.4501129764574725,False,False,True,False,False,False,False,False,False,False,True,False,False,True,False,False,False
1.1911465337110985,-0.73921306304881,2023-02-08 12:00:00,0.15845039198973515,0.7628556416435044,False,False,False,False,True,False,False,False,False,False,True,False,True,False,False,False,False
-0.2838241978509141,-0.3550971842124965,2023-02-09 00:00:00,-0.35851662918395233,0.7628556416435044,False,False,False,False,False,False,True,False,False,True,False,False,False,False,True,False,False
-1.2607901951997844,-1.1233289418851236,2023-02-09 12:00:00,-1.1339671609444835,-0.6116590279844317,False,False,False,True,False,False,False,True,False,False,False,False,False,False,True,False,False
-1.3579837598496076,-1.1233289418851236,2023-02-10 00:00:00,-0.013871948401494139,-0.6116590279844317,False,False,False,False,True,False,False,False,False,False,True,False,False,False,False,True,False
-1.2379739609843914,-1.507444820721437,2023-02-10 12:00:00,1.623190285315183,0.07559830682953635,False,False,False,False,True,False,False,False,False,True,False,False,True,False,False,False,False
1.0485001560180123,0.029018694623817037,2023-02-11 00:00:00,1.4508679449239537,-1.2989163627984,False,False,True,False,False,False,False,True,False,False,False,False,False,False,False,True,False
-0.7775172027635098,-0.3550971842124965,2023-02-11 12:00:00,0.7615785833590368,0.07559830682953635,False,False,False,False,True,False,False,False,False,False,True,False,False,False,False,True,False
-0.511986540004843,-1.1233289418851236,2023-02-12 00:00:00,-0.7031613099664105,1.4501129764574725,False,False,False,True,False,False,False,False,True,False,False,False,False,False,False,True,False
-1.6518999738368734,-0.73921306304881,2023-02-12 12:00:00,0.33077273238096405,-1.2989163627984,False,True,False,False,False,False,False,False,False,False,True,False,False,False,True,False,False
0.7905150195353021,0.797250452296444,2023-02-13 00:00:00,-0.2723554589883377,-0.6116590279844317,False,False,False,False,True,False,False,True,False,False,False,False,False,False,True,False,False
0.5533699080052343,0.797250452296444,2023-02-13 12:00:00,0.9339009237502658,0.07559830682953635,True,False,False,False,False,False,False,False,True,False,False,False,False,False,True,False,False
-0.6636156870740682,-0.3550971842124965,2023-02-14 00:00:00,-1.7370953523137855,0.07559830682953635,False,False,False,False,True,False,False,False,False,True,False,False,False,False,False,False,True
-1.0823923953896653,0.029018694623817037,2023-02-14 12:00:00,-0.10003311859710878,-0.6116590279844317,False,False,False,False,False,False,True,False,False,False,False,True,False,False,False,True,False
-0.6111563139174168,0.029018694623817037,2023-02-15 00:00:00,0.6754174131634222,-1.2989163627984,False,False,True,False,False,False,False,False,False,False,True,False,False,False,True,False,False
1.7780806847480162,0.41313457346013055,2023-02-15 12:00:00,-1.0478059907488688,1.4501129764574725,False,True,False,False,False,False,False,False,False,False,False,True,False,False,False,False,True
-0.21447721826712157,1.565482209969071,2023-02-16 00:00:00,1.1923844343371102,0.07559830682953635,False,False,False,False,False,False,True,False,False,True,False,False,False,False,False,True,False
0.6254117184018685,-1.1233289418851236,2023-02-16 12:00:00,-1.2201283311400979,-1.2989163627984,False,False,False,False,False,False,True,False,False,False,False,True,False,True,False,False,False
1.020294260176936,0.029018694623817037,2023-02-17 00:00:00,1.2785456045327244,-1.2989163627984,False,False,True,False,False,False,False,False,False,False,False,True,True,False,False,False,False
1.7789789616856302,-0.73921306304881,2023-02-17 12:00:00,1.106223264141495,0.07559830682953635,False,False,False,True,False,False,False,False,False,True,False,False,False,False,True,False,False
-1.281270909377381,-0.3550971842124965,2023-02-18 00:00:00,1.1923844343371102,-1.2989163627984,True,False,False,False,False,False,False,True,False,False,False,False,True,False,False,False,False
0.4044355917488508,0.41313457346013055,2023-02-18 12:00:00,0.8477397535546515,0.07559830682953635,False,True,False,False,False,False,False,False,False,False,False,True,False,False,False,False,True
0.8000367550740094,1.1813663311327576,2023-02-19 00:00:00,1.4508679449239537,-1.2989163627984,False,False,False,False,False,False,True,False,False,False,True,False,False,True,False,False,False
1.7119675021396337,-1.507444820721437,2023-02-19 12:00:00,0.9339009237502658,0.07559830682953635,False,False,False,False,True,False,False,False,False,True,False,False,False,True,False,False,False
0.24777609382898785,1.1813663311327576,2023-02-20 00:00:00,1.5370291151195679,0.7628556416435044,False,False,False,False,True,False,False,True,False,False,False,False,False,False,False,True,False
0.03165066263908515,0.797250452296444,2023-02-20 12:00:00,1.106223264141495,-0.6116590279844317,False,False,False,False,False,False,True,False,False,True,False,False,False,False,True,False,False
-0.8138075910431111,-1.507444820721437,2023-02-21 00:00:00,0.9339009237502658,0.07559830682953635,False,False,False,True,False,False,False,False,False,False,False,True,False,False,False,False,True
0.9633435023322151,-1.1233289418851236,2023-02-21 12:00:00,-0.6170001397707963,0.7628556416435044,True,False,False,False,False,False,False,False,False,True,False,False,False,False,True,False,False
-0.26514003754854515,-0.73921306304881,2023-02-22 00:00:00,-0.6170001397707963,0.07559830682953635,False,False,False,False,False,True,False,False,False,False,True,False,True,False,False,False,False
0.7522484219929503,-1.507444820721437,2023-02-22 12:00:00,-1.3062895013357125,1.4501129764574725,False,False,True,False,False,False,False,True,False,False,False,False,True,False,False,False,False
1.4060143771883418,1.565482209969071,2023-02-23 00:00:00,1.106223264141495,1.4501129764574725,False,False,True,False,False,False,False,False,False,True,False,False,False,True,False,False,False
-1.631958225821845,1.1813663311327576,2023-02-23 12:00:00,1.7093514555107971,-1.2989163627984,False,False,False,False,False,True,False,True,False,False,False,False,False,False,False,True,False
-0.4807265025758795,-1.1233289418851236,2023-02-24 00:00:00,0.5030950727721933,0.07559830682953635,True,False,False,False,False,False,False,False,True,False,False,False,False,False,False,True,False
0.5567833603681671,1.565482209969071,2023-02-24 12:00:00,-0.8754836503576398,1.4501129764574725,False,False,False,False,False,False,True,False,True,False,False,False,False,True,False,False,False
-1.6851362205285876,0.797250452296444,2023-02-25 00:00:00,-0.18619428879272343,1.4501129764574725,False,True,False,False,False,False,False,False,False,False,False,True,False,False,True,False,False
1.4879372338987287,1.565482209969071,2023-02-25 12:00:00,1.106223264141495,1.4501129764574725,False,False,False,False,False,False,True,False,False,False,False,True,False,False,False,False,True
1.1404837144296749,0.41313457346013055,2023-02-26 00:00:00,-1.7370953523137855,1.4501129764574725,True,False,False,False,False,False,False,True,False,False,False,False,False,False,False,False,True
1.3763712382470832,0.41313457346013055,2023-02-26 12:00:00,-0.18619428879272343,-0.6116590279844317,False,False,False,False,True,False,False,True,False,False,False,False,True,False,False,False,False
1.7225671700034777,-0.3550971842124965,2023-02-27 00:00:00,0.7615785833590368,0.07559830682953635,True,False,False,False,False,False,False,False,True,False,False,False,False,False,True,False,False
-0.14926231259635295,-1.1233289418851236,2023-02-27 12:00:00,-0.35851662918395233,0.7628556416435044,False,False,False,False,False,False,True,True,False,False,False,False,False,False,True,False,False
0.5025274333362879,0.797250452296444,2023-02-28 00:00:00,1.4508679449239537,1.4501129764574725,True,False,False,False,False,False,False,False,True,False,False,False,True,False,False,False,False
1.5369831546924473,0.029018694623817037,2023-02-28 12:00:00,0.2446115621853494,-1.2989163627984,False,False,False,False,False,False,True,True,False,False,False,False,False,True,False,False,False
0.9403476127292995,0.41313457346013055,2023-03-01 00:00:00,0.6754174131634222,0.7628556416435044,False,False,False,True,False,False,False,False,False,False,True,False,False,True,False,False,False
-0.3614353252607545,-1.1233289418851236,2023-03-01 12:00:00,1.3647067747283386,-0.6116590279844317,False,False,False,True,False,False,False,False,False,True,False,False,False,True,False,False,False
-0.5770217902880889,0.029018694623817037,2023-03-02 00:00:00,-1.3062895013357125,-0.6116590279844317,False,False,False,True,False,False,False,False,False,False,True,False,False,False,True,False,False
-1.4206834900950573,-0.3550971842124965,2023-03-02 12:00:00,-1.1339671609444835,1.4501129764574725,False,False,False,False,False,False,True,False,True,False,False,False,False,False,True,False,False
-1.5318901749716574,1.565482209969071,2023-03-03 00:00:00,-0.8754836503576398,0.07559830682953635,False,False,True,False,False,False,False,False,True,False,False,False,True,False,False,False,False
1.1879127367356885,0.41313457346013055,2023-03-03 12:00:00,-0.013871948401494139,-1.2989163627984,True,False,False,False,False,False,False,False,True,False,False,False,False,False,True,False,False
0.0589582815425475,-1.1233289418851236,2023-03-04 00:00:00,-1.0478059907488688,-1.2989163627984,False,False,False,False,False,False,True,False,False,True,False,False,False,False,False,False,True
0.2211870964756166,-1.507444820721437,2023-03-04 12:00:00,-1.0478059907488688,1.4501129764574725,False,False,False,False,False,False,True,False,False,True,False,False,True,False,False,False,False
0.2398712567779856,0.029018694623817037,2023-03-05 00:00:00,0.6754174131634222,-1.2989163627984,False,False,False,False,False,False,True,False,True,False,False,False,True,False,False,False,False
0.03650135810220017,1.565482209969071,2023-03-05 12:00:00,-0.6170001397707963,1.4501129764574725,False,False,False,False,True,False,False,True,False,False,False,False,True,False,False,False,False
1.2083934509132852,0.41313457346013055,2023-03-06 00:00:00,-0.18619428879272343,1.4501129764574725,False,True,False,False,False,False,False,False,False,False,True,False,True,False,False,False,False
0.29933719004802534,0.797250452296444,2023-03-06 12:00:00,1.3647067747283386,-1.2989163627984,True,False,False,False,False,False,False,True,False,False,False,False,False,False,True,False,False
-1.238333271759437,0.029018694623817037,2023-03-07 00:00:00,-0.444677799379567,0.7628556416435044,False,False,False,True,False,False,False,False,False,False,False,True,True,False,False,False,False
0.7806339732215493,0.41313457346013055,2023-03-07 12:00:00,-1.3062895013357125,0.07559830682953635,False,False,False,False,False,True,False,False,False,False,True,False,False,True,False,False,False
-1.0705351398131617,0.029018694623817037,2023-03-08 00:00:00,-0.444677799379567,1.4501129764574725,False,False,True,False,False,False,False,False,False,False,False,True,False,True,False,False,False
1.1805468658472544,1.565482209969071,2023-03-08 12:00:00,-0.013871948401494139,-0.6116590279844317,False,True,False,False,False,False,False,True,False,False,False,False,False,False,False,True,False
0.10548902691094716,0.41313457346013055,2023-03-09 00:00:00,0.2446115621853494,-1.2989163627984,False,False,False,True,False,False,False,False,False,False,True,False,False,True,False,False,False
1.520095548265306,1.1813663311327576,2023-03-09 12:00:00,-0.2723554589883377,0.7628556416435044,False,False,False,False,True,False,False,False,True,False,False,False,False,False,False,False,True
0.11572938399974556,-1.1233289418851236,2023-03-10 00:00:00,1.2785456045327244,1.4501129764574725,False,False,False,False,False,True,False,False,False,False,True,False,False,False,True,False,False
1.0997019414620042,1.565482209969071,2023-03-10 12:00:00,-1.3924506715313272,-1.2989163627984,False,False,False,False,True,False,False,False,True,False,False,False,False,False,False,False,True
0.3428137938285377,0.029018694623817037,2023-03-11 00:00:00,0.589256242967808,0.7628556416435044,False,False,False,False,False,True,False,False,False,True,False,False,False,True,False,False,False
-1.487515294253531,0.797250452296444,2023-03-11 12:00:00,1.3647067747283386,-0.6116590279844317,False,False,False,False,False,True,False,False,False,False,True,False,False,False,False,False,True
-0.5048003245039319,-1.507444820721437,2023-03-12 00:00:00,0.7615785833590368,-1.2989163627984,False,False,False,False,False,True,False,False,False,False,False,True,False,True,False,False,False
-0.0200900889674751,0.029018694623817037,2023-03-12 12:00:00,1.0200620939458809,-1.2989163627984,False,True,False,False,False,False,False,False,False,False,False,True,False,False,True,False,False
-0.3700587838618479,-1.1233289418851236,2023-03-13 00:00:00,0.0722892217941205,-0.6116590279844317,False,False,True,False,False,False,False,True,False,False,False,False,False,False,True,False,False
-0.728650937357314,0.41313457346013055,2023-03-13 12:00:00,1.3647067747283386,0.7628556416435044,False,False,False,True,False,False,False,False,False,False,False,True,False,False,False,False,True
-1.0487968379229056,-1.507444820721437,2023-03-14 00:00:00,0.8477397535546515,0.7628556416435044,False,True,False,False,False,False,False,False,False,True,False,False,True,False,False,False,False
0.7112869936377567,-0.73921306304881,2023-03-14 12:00:00,-0.35851662918395233,0.07559830682953635,False,False,False,False,False,False,True,False,False,True,False,False,False,False,True,False,False
-1.6030337084306776,0.029018694623817037,2023-03-15 00:00:00,0.0722892217941205,-0.6116590279844317,False,False,False,True,False,False,False,True,False,False,False,False,False,False,False,False,True
-1.3631937660877682,-0.3550971842124965,2023-03-15 12:00:00,-1.5647730119225562,-1.2989163627984,False,False,False,True,False,False,False,False,False,False,True,False,True,False,False,False,False
-0.28598006250118746,-0.73921306304881,2023-03-16 00:00:00,1.106223264141495,-1.2989163627984,False,True,False,False,False,False,False,True,False,False,False,False,False,False,True,False,False
1.4899134431614793,0.029018694623817037,2023-03-16 12:00:00,-0.18619428879272343,-0.6116590279844317,False,False,True,False,False,False,False,False,False,True,False,False,False,True,False,False,False
-1.1285638299830192,1.1813663311327576,2023-03-17 00:00:00,0.589256242967808,0.7628556416435044,False,False,False,False,False,True,False,False,False,False,False,True,False,False,True,False,False
1.554230071894634,-0.3550971842124965,2023-03-17 12:00:00,0.2446115621853494,1.4501129764574725,False,False,False,False,True,False,False,True,False,False,False,False,False,False,False,False,True
0.7585363605562475,-1.507444820721437,2023-03-18 00:00:00,-0.10003311859710878,0.7628556416435044,False,False,False,True,False,False,False,True,False,False,False,False,False,False,False,False,True
-0.5391145035207826,0.797250452296444,2023-03-18 12:00:00,-1.0478059907488688,-0.6116590279844317,False,False,False,False,False,False,True,False,False,False,True,False,False,False,False,False,True
1.4532637441068326,1.1813663311327576,2023-03-19 00:00:00,-0.8754836503576398,0.07559830682953635,False,False,False,False,True,False,False,False,True,False,False,False,True,False,False,False,False
0.37066037889456843,-0.73921306304881,2023-03-19 12:00:00,1.5370291151195679,0.07559830682953635,False,False,True,False,False,False,False,True,False,False,False,False,False,False,False,False,True
-1.428229016371014,0.41313457346013055,2023-03-20 00:00:00,1.0200620939458809,1.4501129764574725,False,False,False,False,False,False,True,True,False,False,False,False,True,False,False,False,False
1.3467280993058248,-1.1233289418851236,2023-03-20 12:00:00,-0.10003311859710878,-1.2989163627984,False,False,False,False,False,True,False,False,True,False,False,False,False,False,False,True,False
-0.8711176596628775,0.797250452296444,2023-03-21 00:00:00,-0.444677799379567,-1.2989163627984,False,False,False,False,False,True,False,False,False,True,False,False,True,False,False,False,False
0.8927389350357632,1.1813663311327576,2023-03-21 12:00:00,1.3647067747283386,1.4501129764574725,False,False,True,False,False,False,False,False,False,True,False,False,False,True,False,False,False
0.7709325822953192,0.41313457346013055,2023-03-22 00:00:00,-0.7031613099664105,-0.6116590279844317,False,False,False,False,True,False,False,True,False,False,False,False,False,True,False,False,False
-1.568719529413827,0.41313457346013055,2023-03-22 12:00:00,-1.1339671609444835,-0.6116590279844317,False,False,False,True,False,False,False,False,False,False,True,False,False,True,False,False,False
-0.670262936412411,0.029018694623817037,2023-03-23 00:00:00,-1.5647730119225562,-1.2989163627984,False,False,False,True,False,False,False,False,True,False,False,False,True,False,False,False,False
-0.3941326057899002,1.1813663311327576,2023-03-23 12:00:00,0.15845039198973515,-0.6116590279844317,False,True,False,False,False,False,False,False,True,False,False,False,False,False,False,False,True
0.7838677701969593,-1.507444820721437,2023-03-24 00:00:00,0.6754174131634222,1.4501129764574725,False,False,False,False,False,False,True,True,False,False,False,False,False,False,True,False,False
1.5280003853163084,-0.3550971842124965,2023-03-24 12:00:00,-0.8754836503576398,0.7628556416435044,False,False,False,True,False,False,False,False,True,False,False,False,False,False,False,False,True
-0.6817608812138688,-0.3550971842124965,2023-03-25 00:00:00,0.0722892217941205,0.07559830682953635,False,False,False,True,False,False,False,False,False,False,False,True,False,False,False,False,True
-0.8362645144834584,-0.73921306304881,2023-03-25 12:00:00,0.0722892217941205,1.4501129764574725,False,False,False,False,True,False,False,False,False,False,False,True,False,False,True,False,False
-1.6858548420786785,-0.73921306304881,2023-03-26 00:00:00,0.4169339025765787,-1.2989163627984,False,False,False,False,True,False,False,False,False,False,True,False,False,False,True,False,False
0.33436999061496714,-0.3550971842124965,2023-03-26 12:00:00,0.4169339025765787,1.4501129764574725,True,False,False,False,False,False,False,False,False,True,False,False,False,True,False,False,False
0.5573223265307354,-1.507444820721437,2023-03-27 00:00:00,-1.650934182118171,-1.2989163627984,False,True,False,False,False,False,False,False,False,False,True,False,False,False,True,False,False
-0.9336377345208045,-1.1233289418851236,2023-03-27 12:00:00,0.6754174131634222,1.4501129764574725,False,False,False,False,False,False,True,True,False,False,False,False,False,True,False,False,False
-1.304087143592774,1.565482209969071,2023-03-28 00:00:00,-0.6170001397707963,1.4501129764574725,False,False,False,False,True,False,False,False,False,False,False,True,True,False,False,False,False
-0.2841835086259597,-1.1233289418851236,2023-03-28 12:00:00,1.2785456045327244,0.7628556416435044,False,False,False,False,False,False,True,False,False,False,False,True,False,False,False,False,True
1.7478985796441895,0.029018694623817037,2023-03-29 00:00:00,1.1923844343371102,-0.6116590279844317,False,False,False,False,True,False,False,True,False,False,False,False,False,True,False,False,False
-0.3249652815936304,1.565482209969071,2023-03-29 12:00:00,-0.7031613099664105,-1.2989163627984,False,False,True,False,False,False,False,False,True,False,False,False,False,True,False,False,False
-1.6867531190162925,1.565482209969071,2023-03-30 00:00:00,1.1923844343371102,-0.6116590279844317,False,True,False,False,False,False,False,False,False,False,True,False,False,True,False,False,False
-1.3754103324393172,1.1813663311327576,2023-03-30 12:00:00,1.623190285315183,-1.2989163627984,False,False,True,False,False,False,False,False,False,True,False,False,True,False,False,False,False
0.39311730233491576,-1.507444820721437,2023-03-31 00:00:00,-0.18619428879272343,-1.2989163627984,False,False,False,False,False,True,False,False,False,False,True,False,False,False,False,False,True
0.9883156011978814,-1.507444820721437,2023-03-31 12:00:00,-1.1339671609444835,-0.6116590279844317,False,True,False,False,False,False,False,False,False,False,True,False,False,False,False,True,False
-0.044343566283050216,1.565482209969071,2023-04-01 00:00:00,0.6754174131634222,0.7628556416435044,False,False,False,False,False,True,False,True,False,False,False,False,True,False,False,False,False
0.3598810556432017,1.1813663311327576,2023-04-01 12:00:00,1.2785456045327244,1.4501129764574725,True,False,False,False,False,False,False,False,True,False,False,False,False,False,False,True,False
1.6724433168846224,1.565482209969071,2023-04-02 00:00:00,-0.7031613099664105,0.7628556416435044,False,False,False,True,False,False,False,False,False,True,False,False,False,False,True,False,False
1.0998815968495268,0.797250452296444,2023-04-02 12:00:00,-0.7031613099664105,0.7628556416435044,False,False,False,False,True,False,False,False,False,True,False,False,False,True,False,False,False
1.3397215391924364,-0.73921306304881,2023-04-03 00:00:00,-1.4786118417269416,-1.2989163627984,False,True,False,False,False,False,False,True,False,False,False,False,False,False,True,False,False
-1.2171339360317492,-0.73921306304881,2023-04-03 12:00:00,-0.2723554589883377,-0.6116590279844317,False,True,False,False,False,False,False,False,False,False,False,True,False,False,False,False,True
0.8366864541286562,-1.1233289418851236,2023-04-04 00:00:00,1.5370291151195679,1.4501129764574725,False,False,False,False,False,False,True,False,False,True,False,False,True,False,False,False,False
-0.5461210636341709,0.029018694623817037,2023-04-04 12:00:00,1.3647067747283386,0.07559830682953635,False,False,False,True,False,False,False,False,False,True,False,False,False,False,True,False,False
-1.3653496307380415,-0.73921306304881,2023-04-05 00:00:00,0.7615785833590368,-1.2989163627984,False,False,False,False,False,True,False,False,False,False,False,True,False,False,False,True,False
-0.2241786091933516,0.41313457346013055,2023-04-05 12:00:00,0.9339009237502658,0.07559830682953635,False,False,False,False,False,False,True,False,False,True,False,False,False,False,False,False,True
0.3279023966641471,-1.1233289418851236,2023-04-06 00:00:00,-0.35851662918395233,0.07559830682953635,False,False,True,False,False,False,False,False,False,True,False,False,False,False,True,False,False
-1.1991683972794713,-0.73921306304881,2023-04-06 12:00:00,-0.5308389695751816,-0.6116590279844317,False,True,False,False,False,False,False,False,False,False,False,True,False,False,True,False,False
-1.4106227883937816,0.029018694623817037,2023-04-07 00:00:00,-1.3062895013357125,0.07559830682953635,False,False,True,False,False,False,False,False,False,False,True,False,True,False,False,False,False
1.5524335180194062,-1.507444820721437,2023-04-07 12:00:00,0.6754174131634222,-0.6116590279844317,True,False,False,False,False,False,False,False,True,False,False,False,True,False,False,False,False
-0.16273646666056132,-1.507444820721437,2023-04-08 00:00:00,-0.18619428879272343,-1.2989163627984,True,False,False,False,False,False,False,False,False,False,True,False,False,False,False,True,False
1.7559830720827145,1.565482209969071,2023-04-08 12:00:00,1.106223264141495,0.7628556416435044,False,False,False,True,False,False,False,False,False,False,True,False,True,False,False,False,False
1.5732735429720486,0.797250452296444,2023-04-09 00:00:00,1.3647067747283386,1.4501129764574725,False,False,False,False,False,False,True,False,False,True,False,False,False,False,True,False,False
-0.6875098536145977,-1.507444820721437,2023-04-09 12:00:00,1.4508679449239537,0.7628556416435044,False,False,False,False,True,False,False,False,False,False,True,False,False,False,False,False,True
-1.293667131116453,1.1813663311327576,2023-04-10 00:00:00,-0.444677799379567,-0.6116590279844317,False,False,True,False,False,False,False,False,True,False,False,False,False,True,False,False,False
0.27400578040731355,-0.73921306304881,2023-04-10 12:00:00,1.106223264141495,0.7628556416435044,False,False,False,False,False,False,True,False,False,False,True,False,True,False,False,False,False
-0.8712973150504003,1.1813663311327576,2023-04-11 00:00:00,-0.2723554589883377,0.7628556416435044,False,False,False,False,False,False,True,False,False,False,False,True,True,False,False,False,False
-1.3984062220422329,0.029018694623817037,2023-04-11 12:00:00,1.1923844343371102,0.7628556416435044,False,False,False,False,False,True,False,True,False,False,False,False,False,False,False,False,True
-0.2570555451100201,-1.507444820721437,2023-04-12 00:00:00,-0.18619428879272343,0.07559830682953635,False,False,False,False,True,False,False,False,False,False,True,False,True,False,False,False,False
-0.2633434836733174,0.797250452296444,2023-04-12 12:00:00,-1.0478059907488688,1.4501129764574725,False,False,False,False,False,False,True,False,False,True,False,False,True,False,False,False,False
-0.5335451865075764,0.029018694623817037,2023-04-13 00:00:00,-0.8754836503576398,-0.6116590279844317,True,False,False,False,False,False,False,False,True,False,False,False,False,False,True,False,False
0.8392016295539751,0.41313457346013055,2023-04-13 12:00:00,0.4169339025765787,-1.2989163627984,False,False,True,False,False,False,False,False,False,False,True,False,True,False,False,False,False
0.8803427132966914,0.41313457346013055,2023-04-14 00:00:00,-1.1339671609444835,0.07559830682953635,False,True,False,False,False,False,False,False,True,False,False,False,True,False,False,False,False
1.2683983503458933,1.1813663311327576,2023-04-14 12:00:00,-1.3924506715313272,-0.6116590279844317,False,False,False,False,False,False,True,True,False,False,False,False,False,False,False,True,False
0.8065043490248294,1.565482209969071,2023-04-15 00:00:00,-1.2201283311400979,0.07559830682953635,False,False,False,False,True,False,False,False,False,False,True,False,False,False,False,True,False
-0.06787842204853421,-1.1233289418851236,2023-04-15 12:00:00,0.9339009237502658,1.4501129764574725,False,False,False,True,False,False,False,False,False,False,False,True,False,False,False,False,True
1.2189931187771292,1.565482209969071,2023-04-16 00:00:00,-0.10003311859710878,0.7628556416435044,True,False,False,False,False,False,False,False,False,False,False,True,False,False,True,False,False
0.40407628097380527,1.565482209969071,2023-04-16 12:00:00,-1.650934182118171,-0.6116590279844317,False,False,False,False,False,False,True,False,True,False,False,False,False,False,False,False,True
0.6435569125416691,0.797250452296444,2023-04-17 00:00:00,1.4508679449239537,0.7628556416435044,False,False,False,False,False,False,True,True,False,False,False,False,False,False,True,False,False
-1.3540313413241065,-1.507444820721437,2023-04-17 12:00:00,-1.4786118417269416,-1.2989163627984,False,False,False,True,False,False,False,False,True,False,False,False,False,False,False,True,False
-0.7478740638222513,0.797250452296444,2023-04-18 00:00:00,0.33077273238096405,-0.6116590279844317,False,False,False,False,False,False,True,False,True,False,False,False,True,False,False,False,False
0.8988472182115376,0.029018694623817037,2023-04-18 12:00:00,-1.2201283311400979,-1.2989163627984,False,False,False,False,True,False,False,False,True,False,False,False,False,False,False,True,False
1.7796975832357214,0.41313457346013055,2023-04-19 00:00:00,1.1923844343371102,-0.6116590279844317,False,False,True,False,False,False,False,True,False,False,False,False,False,True,False,False,False
-0.43617196647023043,0.797250452296444,2023-04-19 12:00:00,-0.444677799379567,-1.2989163627984,False,False,False,False,False,True,False,False,False,False,False,True,False,False,False,False,True
0.11896318097515557,0.029018694623817037,2023-04-20 00:00:00,-0.444677799379567,1.4501129764574725,False,True,False,False,False,False,False,False,False,True,False,False,False,False,False,False,True
-0.392695362689718,0.797250452296444,2023-04-20 12:00:00,-0.7893224801620251,0.7628556416435044,False,False,True,False,False,False,False,True,False,False,False,False,False,False,True,False,False
0.05177206604163635,1.565482209969071,2023-04-21 00:00:00,-0.7031613099664105,-1.2989163627984,False,False,False,False,False,True,False,False,False,True,False,False,False,False,True,False,False
0.9998135459993392,-0.73921306304881,2023-04-21 12:00:00,-0.18619428879272343,-0.6116590279844317,False,False,True,False,False,False,False,True,False,False,False,False,False,False,False,False,True
1.6264515376787911,1.1813663311327576,2023-04-22 00:00:00,1.2785456045327244,0.7628556416435044,False,True,False,False,False,False,False,False,True,False,False,False,True,False,False,False,False
-1.5148229131569932,-1.1233289418851236,2023-04-22 12:00:00,-1.4786118417269416,1.4501129764574725,False,False,False,False,False,True,False,True,False,False,False,False,False,False,False,True,False
-0.9138756418932988,0.797250452296444,2023-04-23 00:00:00,-0.013871948401494139,0.07559830682953635,False,False,False,True,False,False,False,False,False,False,False,True,False,True,False,False,False
-0.5912145659023884,-1.1233289418851236,2023-04-23 12:00:00,0.2446115621853494,0.7628556416435044,True,False,False,False,False,False,False,False,False,False,False,True,True,False,False,False,False
0.4665963558317322,-0.3550971842124965,2023-04-24 00:00:00,-0.10003311859710878,-1.2989163627984,False,False,False,False,False,False,True,True,False,False,False,False,False,False,False,True,False
0.5907382286099723,0.797250452296444,2023-04-24 12:00:00,-0.013871948401494139,-1.2989163627984,False,False,False,False,False,False,True,False,False,True,False,False,False,False,True,False,False
1.5174007174524644,-0.73921306304881,2023-04-25 00:00:00,-1.3062895013357125,-0.6116590279844317,False,False,False,False,False,True,False,False,True,False,False,False,True,False,False,False,False
-0.727034038869609,-1.1233289418851236,2023-04-25 12:00:00,-0.7031613099664105,0.7628556416435044,False,False,False,False,False,True,False,False,False,False,False,True,True,False,False,False,False
0.009193739198737819,0.797250452296444,2023-04-26 00:00:00,-0.6170001397707963,1.4501129764574725,False,False,False,True,False,False,False,False,False,False,False,True,False,False,False,True,False
1.077963639571748,-1.507444820721437,2023-04-26 12:00:00,-0.9616448205532544,-1.2989163627984,False,False,False,False,False,True,False,False,False,True,False,False,False,False,False,True,False
-1.2627664044625349,1.1813663311327576,2023-04-27 00:00:00,-0.444677799379567,1.4501129764574725,True,False,False,False,False,False,False,True,False,False,False,False,False,False,False,False,True
-0.7175123033309018,-0.73921306304881,2023-04-27 12:00:00,-1.3062895013357125,-1.2989163627984,False,False,False,False,True,False,False,False,True,False,False,False,False,False,False,False,True
1.2389348667921576,-1.1233289418851236,2023-04-28 00:00:00,-1.0478059907488688,1.4501129764574725,False,False,True,False,False,False,False,False,False,True,False,False,False,False,True,False,False
-1.326903377808167,-0.73921306304881,2023-04-28 12:00:00,0.9339009237502658,0.7628556416435044,False,False,True,False,False,False,False,False,True,False,False,False,False,True,False,False,False
0.823930921614539,0.029018694623817037,2023-04-29 00:00:00,1.3647067747283386,0.07559830682953635,False,False,False,False,False,False,True,False,False,False,True,False,True,False,False,False,False
-1.1901856279033323,1.1813663311327576,2023-04-29 12:00:00,-0.2723554589883377,1.4501129764574725,False,False,False,False,False,False,True,False,True,False,False,False,False,True,False,False,False
0.8302188601778362,0.797250452296444,2023-04-30 00:00:00,0.4169339025765787,-1.2989163627984,False,False,False,False,True,False,False,False,False,False,False,True,False,True,False,False,False
0.42815010290185757,0.797250452296444,2023-04-30 12:00:00,-0.444677799379567,0.7628556416435044,False,False,False,False,False,False,True,True,False,False,False,False,False,False,False,True,False
-1.206713923555428,0.797250452296444,2023-05-01 00:00:00,1.3647067747283386,-1.2989163627984,False,False,False,False,False,False,True,False,True,False,False,False,True,False,False,False,False
1.3930791892867016,1.1813663311327576,2023-05-01 12:00:00,0.8477397535546515,0.7628556416435044,False,False,False,False,False,True,False,False,False,True,False,False,True,False,False,False,False
0.7915929518604388,-1.507444820721437,2023-05-02 00:00:00,1.2785456045327244,-1.2989163627984,False,False,False,False,False,True,False,False,False,True,False,False,False,True,False,False,False
-0.6982891768659645,-0.3550971842124965,2023-05-02 12:00:00,-0.5308389695751816,1.4501129764574725,False,False,False,False,False,True,False,True,False,False,False,False,False,False,True,False,False
-1.0058592003049616,0.41313457346013055,2023-05-03 00:00:00,0.33077273238096405,1.4501129764574725,False,False,False,False,False,True,False,False,False,True,False,False,False,False,False,True,False
0.6935011102730017,1.565482209969071,2023-05-03 12:00:00,1.4508679449239537,0.07559830682953635,False,False,False,False,False,True,False,False,False,False,False,True,False,False,False,True,False
-1.5033249683555354,-1.1233289418851236,2023-05-04 00:00:00,-1.2201283311400979,-0.6116590279844317,False,True,False,False,False,False,False,False,False,False,False,True,False,False,True,False,False
-0.871476970437923,-1.507444820721437,2023-05-04 12:00:00,1.5370291151195679,-1.2989163627984,True,False,False,False,False,False,False,False,False,True,False,False,False,True,False,False,False
0.3072420270990276,-1.1233289418851236,2023-05-05 00:00:00,1.1923844343371102,-1.2989163627984,False,False,False,True,False,False,False,False,False,True,False,False,True,False,False,False,False
-0.9038149401920232,0.797250452296444,2023-05-05 12:00:00,-0.8754836503576398,-0.6116590279844317,False,False,False,False,False,False,True,True,False,False,False,False,False,False,False,True,False
-0.0790170560749465,-0.73921306304881,2023-05-06 00:00:00,1.7093514555107971,1.4501129764574725,False,False,False,True,False,False,False,True,False,False,False,False,True,False,False,False,False
-0.27591936079991186,-1.1233289418851236,2023-05-06 12:00:00,-0.35851662918395233,-0.6116590279844317,True,False,False,False,False,False,False,False,False,False,True,False,False,False,False,False,True
0.5697185482698072,0.797250452296444,2023-05-07 00:00:00,-1.2201283311400979,0.07559830682953635,False,False,False,False,False,True,False,False,False,False,False,True,False,False,True,False,False
1.4090685187762289,-1.1233289418851236,2023-05-07 12:00:00,1.5370291151195679,0.7628556416435044,True,False,False,False,False,False,False,False,True,False,False,False,True,False,False,False,False
-0.48378064416376676,-0.73921306304881,2023-05-08 00:00:00,0.2446115621853494,-1.2989163627984,True,False,False,False,False,False,False,True,False,False,False,False,False,False,False,True,False
1.5254852098909895,0.797250452296444,2023-05-08 12:00:00,-1.2201283311400979,0.07559830682953635,False,False,False,False,False,False,True,False,True,False,False,False,False,False,True,False,False
0.8600416545066174,-0.3550971842124965,2023-05-09 00:00:00,-0.7893224801620251,-0.6116590279844317,True,False,False,False,False,False,False,False,False,True,False,False,True,False,False,False,False
0.8945354889109909,-1.507444820721437,2023-05-09 12:00:00,0.4169339025765787,0.7628556416435044,False,False,False,False,False,True,False,False,True,False,False,False,False,False,False,False,True
-1.1048493188300126,0.029018694623817037,2023-05-10 00:00:00,0.5030950727721933,0.7628556416435044,False,False,False,False,False,False,True,False,False,True,False,False,False,True,False,False,False
-0.1494419679838757,1.565482209969071,2023-05-10 12:00:00,-1.5647730119225562,1.4501129764574725,False,False,False,True,False,False,False,False,False,False,True,False,True,False,False,False,False
0.1960353422224276,1.1813663311327576,2023-05-11 00:00:00,-1.650934182118171,-1.2989163627984,False,False,False,False,True,False,False,True,False,False,False,False,False,False,False,False,True
-0.6630767209114998,1.565482209969071,2023-05-11 12:00:00,-1.4786118417269416,-1.2989163627984,False,False,False,False,True,False,False,False,False,True,False,False,False,False,False,True,False
1.2617511010075504,1.565482209969071,2023-05-12 00:00:00,0.33077273238096405,0.07559830682953635,False,False,False,False,False,True,False,False,True,False,False,False,False,False,True,False,False
1.0869464089478869,0.797250452296444,2023-05-12 12:00:00,0.4169339025765787,0.7628556416435044,True,False,False,False,False,False,False,True,False,False,False,False,False,False,True,False,False
-0.4606050991733283,-0.3550971842124965,2023-05-13 00:00:00,0.6754174131634222,0.07559830682953635,False,False,False,False,True,False,False,False,False,False,True,False,True,False,False,False,False
-0.0781187791373326,0.029018694623817037,2023-05-13 12:00:00,-1.1339671609444835,1.4501129764574725,False,False,False,True,False,False,False,False,True,False,False,False,False,True,False,False,False
-0.7160750602307195,-1.507444820721437,2023-05-14 00:00:00,0.33077273238096405,-0.6116590279844317,False,False,False,False,False,True,False,False,False,False,True,False,False,False,True,False,False
-0.28562075172614193,-1.507444820721437,2023-05-14 12:00:00,1.7093514555107971,1.4501129764574725,False,False,False,False,False,False,True,False,False,False,True,False,False,True,False,False,False
-0.10398915494061273,-0.73921306304881,2023-05-15 00:00:00,0.4169339025765787,-0.6116590279844317,False,False,False,False,False,True,False,False,False,True,False,False,False,False,False,False,True
0.6036734165116123,1.1813663311327576,2023-05-15 12:00:00,0.7615785833590368,0.7628556416435044,False,False,False,False,False,True,False,False,True,False,False,False,False,True,False,False,False
-0.8881849214775415,-1.1233289418851236,2023-05-16 00:00:00,-1.2201283311400979,0.07559830682953635,False,False,True,False,False,False,False,False,False,True,False,False,False,False,True,False,False
0.31011651329939205,-0.3550971842124965,2023-05-16 12:00:00,-0.5308389695751816,1.4501129764574725,True,False,False,False,False,False,False,False,True,False,False,False,True,False,False,False,False
-0.34257150957086274,-1.1233289418851236,2023-05-17 00:00:00,-0.013871948401494139,1.4501129764574725,False,True,False,False,False,False,False,True,False,False,False,False,False,False,False,False,True
-0.24753380957131285,0.029018694623817037,2023-05-17 12:00:00,-1.0478059907488688,-0.6116590279844317,False,False,False,False,False,False,True,False,False,False,False,True,False,False,True,False,False
1.617468768302652,1.565482209969071,2023-05-18 00:00:00,0.6754174131634222,0.7628556416435044,True,False,False,False,False,False,False,False,False,False,True,False,True,False,False,False,False
0.20304190233581595,-1.507444820721437,2023-05-18 12:00:00,-0.18619428879272343,-1.2989163627984,False,True,False,False,False,False,False,False,False,False,False,True,True,False,False,False,False
1.4133802480767756,0.029018694623817037,2023-05-19 00:00:00,1.3647067747283386,0.07559830682953635,True,False,False,False,False,False,False,False,False,False,True,False,True,False,False,False,False
-1.1034120757298302,1.565482209969071,2023-05-19 12:00:00,-0.013871948401494139,-0.6116590279844317,False,False,False,False,False,True,False,False,False,True,False,False,False,True,False,False,False
0.2104077732242499,-1.507444820721437,2023-05-20 00:00:00,-1.1339671609444835,0.07559830682953635,False,False,False,True,False,False,False,False,False,False,False,True,True,False,False,False,False
0.8710006331455069,1.565482209969071,2023-05-20 12:00:00,-0.35851662918395233,-0.6116590279844317,False,False,True,False,False,False,False,False,False,False,True,False,False,False,False,True,False
-1.5317105195841345,1.1813663311327576,2023-05-21 00:00:00,-0.7893224801620251,-1.2989163627984,False,False,False,False,False,False,True,False,False,True,False,False,False,False,True,False,False
1.639386725580431,-0.3550971842124965,2023-05-21 12:00:00,-0.6170001397707963,-0.6116590279844317,False,False,True,False,False,False,False,True,False,False,False,False,True,False,False,False,False
-1.107723805030377,0.029018694623817037,2023-05-22 00:00:00,0.15845039198973515,0.7628556416435044,False,False,False,False,True,False,False,False,False,True,False,False,False,True,False,False,False
-1.6680689587139235,0.029018694623817037,2023-05-22 12:00:00,1.5370291151195679,0.7628556416435044,False,False,True,False,False,False,False,False,False,True,False,False,False,True,False,False,False
0.5177981412757241,0.41313457346013055,2023-05-23 00:00:00,0.8477397535546515,1.4501129764574725,False,False,False,False,False,False,True,True,False,False,False,False,False,False,False,False,True
1.330199803653729,0.797250452296444,2023-05-23 12:00:00,1.5370291151195679,-1.2989163627984,False,True,False,False,False,False,False,False,False,True,False,False,True,False,False,False,False
-1.5965661144798575,1.1813663311327576,2023-05-24 00:00:00,0.2446115621853494,-1.2989163627984,False,False,False,False,False,False,True,False,False,True,False,False,False,False,True,False,False
-1.688010706728952,1.1813663311327576,2023-05-24 12:00:00,0.589256242967808,1.4501129764574725,False,False,False,True,False,False,False,False,False,False,True,False,False,False,False,True,False
0.16279909553071356,-1.1233289418851236,2023-05-25 00:00:00,-0.7893224801620251,-0.6116590279844317,False,False,False,False,False,False,True,False,False,False,True,False,True,False,False,False,False
1.3973909185872484,1.565482209969071,2023-05-25 12:00:00,0.7615785833590368,-1.2989163627984,True,False,False,False,False,False,False,True,False,False,False,False,False,False,True,False,False
-1.1876704524780135,0.797250452296444,2023-05-26 00:00:00,0.0722892217941205,0.07559830682953635,False,False,False,False,True,False,False,False,False,True,False,False,False,False,False,False,True
-0.6258880556942846,-0.3550971842124965,2023-05-26 12:00:00,1.3647067747283386,0.07559830682953635,False,True,False,False,False,False,False,False,False,False,True,False,True,False,False,False,False
1.4340406176418952,-0.3550971842124965,2023-05-27 00:00:00,1.106223264141495,0.7628556416435044,False,True,False,False,False,False,False,False,False,False,False,True,False,False,True,False,False
-1.3958910466169139,1.1813663311327576,2023-05-27 12:00:00,-0.2723554589883377,-0.6116590279844317,False,False,False,False,False,True,False,False,True,False,False,False,False,False,True,False,False
-1.6199213148578189,-0.3550971842124965,2023-05-28 00:00:00,1.623190285315183,0.07559830682953635,False,False,False,False,True,False,False,False,True,False,False,False,False,True,False,False,False
-0.7444606114593185,0.41313457346013055,2023-05-28 12:00:00,-0.444677799379567,0.7628556416435044,False,False,True,False,False,False,False,True,False,False,False,False,False,True,False,False,False
-1.3816982710026144,0.029018694623817037,2023-05-29 00:00:00,1.4508679449239537,0.7628556416435044,False,False,True,False,False,False,False,False,False,False,True,False,False,False,True,False,False
1.7123268129146794,-0.73921306304881,2023-05-29 12:00:00,-1.3062895013357125,1.4501129764574725,False,False,False,True,False,False,False,False,False,False,False,True,True,False,False,False,False
-1.028136468357786,-1.1233289418851236,2023-05-30 00:00:00,-0.9616448205532544,0.07559830682953635,False,True,False,False,False,False,False,False,False,False,False,True,True,False,False,False,False
0.5977447887233607,1.565482209969071,2023-05-30 12:00:00,0.7615785833590368,0.7628556416435044,False,False,False,False,False,False,True,False,False,False,False,True,False,False,False,False,True
-0.38281431637596514,1.565482209969071,2023-05-31 00:00:00,-0.5308389695751816,1.4501129764574725,True,False,False,False,False,False,False,True,False,False,False,False,True,False,False,False,False
-1.0010085048418464,-1.507444820721437,2023-05-31 12:00:00,-0.5308389695751816,0.07559830682953635,True,False,False,False,False,False,False,False,False,False,False,True,False,False,True,False,False
0.2707719834319035,-0.73921306304881,2023-06-01 00:00:00,1.5370291151195679,-1.2989163627984,False,False,False,True,False,False,False,False,False,False,False,True,False,False,True,False,False
1.52422762217833,1.1813663311327576,2023-06-01 12:00:00,-0.2723554589883377,-1.2989163627984,False,False,False,False,False,True,False,False,True,False,False,False,False,True,False,False,False
-1.181562169302239,0.41313457346013055,2023-06-02 00:00:00,0.2446115621853494,1.4501129764574725,False,False,False,False,True,False,False,False,True,False,False,False,False,False,False,True,False
1.248995568493433,0.029018694623817037,2023-06-02 12:00:00,-1.1339671609444835,-0.6116590279844317,False,True,False,False,False,False,False,False,False,False,False,True,False,False,False,False,True
0.2053774223736121,0.029018694623817037,2023-06-03 00:00:00,-1.1339671609444835,0.07559830682953635,True,False,False,False,False,False,False,True,False,False,False,False,True,False,False,False,False
-1.4690107893386848,0.41313457346013055,2023-06-03 12:00:00,1.2785456045327244,0.7628556416435044,False,True,False,False,False,False,False,True,False,False,False,False,False,False,False,True,False
0.4784536114082356,0.797250452296444,2023-06-04 00:00:00,-1.3924506715313272,1.4501129764574725,False,False,False,True,False,False,False,True,False,False,False,False,True,False,False,False,False
-1.5812954065404214,-1.507444820721437,2023-06-04 12:00:00,-1.7370953523137855,0.07559830682953635,False,False,False,False,False,False,True,False,False,True,False,False,False,False,False,False,True
-0.2676552129738641,1.565482209969071,2023-06-05 00:00:00,-0.444677799379567,-1.2989163627984,False,False,False,False,False,False,True,False,False,False,True,False,False,False,True,False,False
-0.3639505006860734,-0.73921306304881,2023-06-05 12:00:00,0.4169339025765787,-1.2989163627984,False,False,True,False,False,False,False,False,False,True,False,False,False,False,False,False,True
0.5294757414647048,-0.3550971842124965,2023-06-06 00:00:00,-0.7893224801620251,-1.2989163627984,False,False,False,False,True,False,False,False,False,False,True,False,False,False,True,False,False
-0.4029357197785164,-1.507444820721437,2023-06-06 12:00:00,0.9339009237502658,-1.2989163627984,False,False,False,True,False,False,False,False,False,True,False,False,False,False,True,False,False
-0.42754850786913706,-0.73921306304881,2023-06-07 00:00:00,1.4508679449239537,-1.2989163627984,False,False,False,False,False,False,True,False,False,False,False,True,False,False,True,False,False
-0.679964327338641,-1.1233289418851236,2023-06-07 12:00:00,-1.2201283311400979,-0.6116590279844317,False,False,False,False,False,True,False,False,False,True,False,False,False,False,True,False,False
1.7254416562038422,-1.1233289418851236,2023-06-08 00:00:00,-1.1339671609444835,-1.2989163627984,False,False,False,False,True,False,False,True,False,False,False,False,False,False,True,False,False
1.3178035819146574,-1.507444820721437,2023-06-08 12:00:00,0.6754174131634222,-0.6116590279844317,False,False,False,True,False,False,False,True,False,False,False,False,False,False,True,False,False
-0.646728080646927,1.1813663311327576,2023-06-09 00:00:00,-1.650934182118171,-0.6116590279844317,False,False,False,False,False,True,False,False,False,False,False,True,False,False,False,False,True
1.5520742072443607,-0.73921306304881,2023-06-09 12:00:00,0.5030950727721933,-1.2989163627984,False,False,True,False,False,False,False,False,False,False,True,False,False,False,True,False,False
0.19064568059674425,-0.73921306304881,2023-06-10 00:00:00,1.2785456045327244,-1.2989163627984,False,False,False,False,False,True,False,False,False,True,False,False,False,False,False,True,False
-0.1562688727097413,0.41313457346013055,2023-06-10 12:00:00,1.0200620939458809,-0.6116590279844317,True,False,False,False,False,False,False,False,False,True,False,False,False,False,False,True,False
1.7513120320071223,1.1813663311327576,2023-06-11 00:00:00,0.589256242967808,-0.6116590279844317,False,False,False,False,True,False,False,False,False,False,True,False,False,False,True,False,False
0.49174811008492125,1.565482209969071,2023-06-11 12:00:00,1.2785456045327244,0.07559830682953635,True,False,False,False,False,False,False,False,False,False,True,False,False,False,False,True,False
-0.863392477999398,1.565482209969071,2023-06-12 00:00:00,1.7093514555107971,-1.2989163627984,False,False,False,False,True,False,False,False,True,False,False,False,False,False,False,False,True
-1.29672127270434,-0.3550971842124965,2023-06-12 12:00:00,-0.7031613099664105,-1.2989163627984,False,False,False,True,False,False,False,False,False,False,True,False,False,False,False,False,True
0.4407259800284521,0.029018694623817037,2023-06-13 00:00:00,-0.10003311859710878,0.07559830682953635,False,True,False,False,False,False,False,False,False,False,True,False,False,False,True,False,False
-0.526538626394188,-1.1233289418851236,2023-06-13 12:00:00,-0.444677799379567,1.4501129764574725,False,False,False,True,False,False,False,False,False,False,True,False,False,False,False,False,True
-0.2538217481346101,1.565482209969071,2023-06-14 00:00:00,-1.0478059907488688,0.7628556416435044,False,False,False,False,False,True,False,False,False,True,False,False,True,False,False,False,False
-0.9145942634433899,1.1813663311327576,2023-06-14 12:00:00,-0.9616448205532544,1.4501129764574725,True,False,False,False,False,False,False,True,False,False,False,False,True,False,False,False,False
0.23484090592734777,-0.73921306304881,2023-06-15 00:00:00,-1.5647730119225562,0.07559830682953635,False,False,False,False,False,True,False,False,False,True,False,False,False,False,True,False,False
0.6857759286095222,1.565482209969071,2023-06-15 12:00:00,1.3647067747283386,-0.6116590279844317,False,True,False,False,False,False,False,False,False,False,False,True,False,True,False,False,False
0.6351131093280986,-0.73921306304881,2023-06-16 00:00:00,-0.8754836503576398,0.7628556416435044,False,False,False,False,False,False,True,False,False,False,True,False,True,False,False,False,False
0.24795574921651062,1.565482209969071,2023-06-16 12:00:00,1.4508679449239537,-1.2989163627984,False,False,False,False,False,False,True,False,False,True,False,False,False,True,False,False,False
-1.5688991848013496,-1.1233289418851236,2023-06-17 00:00:00,-1.650934182118171,-1.2989163627984,False,False,False,False,True,False,False,True,False,False,False,False,False,True,False,False,False
1.3244508312530001,1.565482209969071,2023-06-17 12:00:00,0.0722892217941205,-1.2989163627984,False,False,False,True,False,False,False,False,False,False,False,True,True,False,False,False,False
1.427573023691075,1.1813663311327576,2023-06-18 00:00:00,0.5030950727721933,1.4501129764574725,False,False,False,False,False,True,False,False,False,False,False,True,False,False,False,False,True
0.05770069382988805,1.565482209969071,2023-06-18 12:00:00,1.0200620939458809,0.7628556416435044,False,False,False,False,False,True,False,False,False,False,True,False,False,True,False,False,False
-0.8639314441619663,0.029018694623817037,2023-06-19 00:00:00,1.7093514555107971,-0.6116590279844317,True,False,False,False,False,False,False,False,False,False,False,True,True,False,False,False,False
1.0334091034660988,-1.1233289418851236,2023-06-19 12:00:00,-1.5647730119225562,0.7628556416435044,False,True,False,False,False,False,False,False,False,False,True,False,False,False,False,False,True
-1.2746236600390384,1.1813663311327576,2023-06-20 00:00:00,-1.5647730119225562,0.7628556416435044,False,False,False,False,True,False,False,False,False,False,False,True,True,False,False,False,False
1.031612549590871,0.41313457346013055,2023-06-20 12:00:00,1.1923844343371102,-0.6116590279844317,False,False,False,True,False,False,False,False,True,False,False,False,False,False,True,False,False
0.9006437720867654,1.1813663311327576,2023-06-21 00:00:00,0.6754174131634222,0.7628556416435044,False,False,False,False,True,False,False,False,False,False,True,False,False,False,True,False,False
-1.1740166430262822,0.029018694623817037,2023-06-21 12:00:00,-0.18619428879272343,0.07559830682953635,True,False,False,False,False,False,False,True,False,False,False,False,False,False,False,True,False
1.1485682068682,-1.1233289418851236,2023-06-22 00:00:00,-0.013871948401494139,0.7628556416435044,False,False,False,False,False,False,True,False,False,True,False,False,True,False,False,False,False
1.2220472603650163,0.41313457346013055,2023-06-22 12:00:00,-1.7370953523137855,0.7628556416435044,False,False,False,True,False,False,False,False,False,True,False,False,False,False,False,False,True
-1.5647671108883259,0.029018694623817037,2023-06-23 00:00:00,-1.0478059907488688,1.4501129764574725,False,False,False,False,True,False,False,True,False,False,False,False,False,True,False,False,False
-0.9780126152389308,0.029018694623817037,2023-06-23 12:00:00,1.3647067747283386,1.4501129764574725,False,False,False,False,False,False,True,False,False,True,False,False,False,False,False,True,False
1.0089759707630008,-1.507444820721437,2023-06-24 00:00:00,0.4169339025765787,0.07559830682953635,False,False,True,False,False,False,False,False,True,False,False,False,False,False,False,True,False
-0.4706658008746039,-1.1233289418851236,2023-06-24 12:00:00,-1.2201283311400979,1.4501129764574725,True,False,False,False,False,False,False,False,False,False,False,True,False,True,False,False,False
-0.4503647420845299,1.1813663311327576,2023-06-25 00:00:00,-0.10003311859710878,1.4501129764574725,False,False,False,False,False,False,True,False,False,False,True,False,False,True,False,False,False
-0.28723765021384695,-0.73921306304881,2023-06-25 12:00:00,-0.7031613099664105,1.4501129764574725,False,False,False,False,True,False,False,False,False,True,False,False,False,False,True,False,False
-0.5006682505909079,-0.73921306304881,2023-06-26 00:00:00,-0.5308389695751816,-0.6116590279844317,False,False,False,False,True,False,False,False,False,True,False,False,False,False,False,False,True
-0.9199839250690732,1.1813663311327576,2023-06-26 12:00:00,-1.4786118417269416,-1.2989163627984,False,False,False,False,True,False,False,True,False,False,False,False,False,False,False,True,False
1.3354098098918896,1.1813663311327576,2023-06-27 00:00:00,-1.2201283311400979,-0.6116590279844317,False,False,False,False,False,False,True,False,False,False,True,False,False,True,False,False,False
0.6882911040348411,-1.1233289418851236,2023-06-27 12:00:00,-0.2723554589883377,-0.6116590279844317,True,False,False,False,False,False,False,False,False,True,False,False,False,False,False,True,False
1.5254852098909895,1.1813663311327576,2023-06-28 00:00:00,1.4508679449239537,1.4501129764574725,False,False,True,False,False,False,False,False,True,False,False,False,False,True,False,False,False
-0.22902930465646665,-1.507444820721437,2023-06-28 12:00:00,1.0200620939458809,1.4501129764574725,False,True,False,False,False,False,False,True,False,False,False,False,True,False,False,False,False
1.3704426104588314,0.41313457346013055,2023-06-29 00:00:00,1.623190285315183,0.07559830682953635,False,False,False,False,True,False,False,False,False,False,False,True,False,False,False,False,True
0.8106364229378533,1.1813663311327576,2023-06-29 12:00:00,-0.7893224801620251,-1.2989163627984,False,False,True,False,False,False,False,False,True,False,False,False,False,False,True,False,False
-0.7920692891528549,-0.73921306304881,2023-06-30 00:00:00,1.2785456045327244,-0.6116590279844317,False,False,False,True,False,False,False,True,False,False,False,False,False,False,False,False,True
0.8400999064915889,1.1813663311327576,2023-06-30 12:00:00,-0.10003311859710878,1.4501129764574725,False,True,False,False,False,False,False,False,False,False,True,False,True,False,False,False,False
-0.229568270819035,-1.507444820721437,2023-07-01 00:00:00,-0.2723554589883377,0.07559830682953635,False,False,False,False,False,False,True,False,False,True,False,False,False,False,True,False,False
-0.6533753299852698,1.565482209969071,2023-07-01 12:00:00,0.4169339025765787,-1.2989163627984,False,False,True,False,False,False,False,True,False,False,False,False,True,False,False,False,False
1.731190628604571,1.565482209969071,2023-07-02 00:00:00,-0.35851662918395233,-1.2989163627984,False,True,False,False,False,False,False,False,False,False,True,False,False,False,False,True,False
-1.5155415347070844,0.029018694623817037,2023-07-02 12:00:00,0.33077273238096405,0.7628556416435044,False,False,False,True,False,False,False,False,True,False,False,False,True,False,False,False,False
-1.3752306770517944,-0.3550971842124965,2023-07-03 00:00:00,1.5370291151195679,0.07559830682953635,False,True,False,False,False,False,False,False,True,False,False,False,False,False,False,False,True
-0.06859704359862533,0.41313457346013055,2023-07-03 12:00:00,-1.4786118417269416,-1.2989163627984,False,True,False,False,False,False,False,False,True,False,False,False,False,False,False,True,False
1.5202752036528289,0.797250452296444,2023-07-04 00:00:00,-0.8754836503576398,0.7628556416435044,True,False,False,False,False,False,False,False,False,False,True,False,False,True,False,False,False
-1.5279377564461563,0.029018694623817037,2023-07-04 12:00:00,0.33077273238096405,0.7628556416435044,True,False,False,False,False,False,False,False,False,True,False,False,False,True,False,False,False
1.313312197226588,1.565482209969071,2023-07-05 00:00:00,0.5030950727721933,0.07559830682953635,False,False,True,False,False,False,False,False,False,False,True,False,False,False,False,True,False
0.6864945501596132,-0.73921306304881,2023-07-05 12:00:00,0.15845039198973515,1.4501129764574725,False,False,True,False,False,False,False,False,False,False,False,True,False,False,False,False,True
-0.3199349307429926,0.797250452296444,2023-07-06 00:00:00,0.9339009237502658,1.4501129764574725,False,True,False,False,False,False,False,False,False,True,False,False,False,False,False,True,False
-0.7812899659014881,0.029018694623817037,2023-07-06 12:00:00,1.623190285315183,0.7628556416435044,False,True,False,False,False,False,False,True,False,False,False,False,True,False,False,False,False
1.3217560004401585,0.797250452296444,2023-07-07 00:00:00,-0.7031613099664105,0.07559830682953635,False,False,False,False,True,False,False,False,False,True,False,False,False,True,False,False,False
0.5729523452452172,-1.1233289418851236,2023-07-07 12:00:00,-0.7031613099664105,-0.6116590279844317,True,False,False,False,False,False,False,False,False,False,False,True,False,False,False,True,False
1.1961768845617362,-0.3550971842124965,2023-07-08 00:00:00,0.9339009237502658,1.4501129764574725,False,False,False,True,False,False,False,False,False,False,False,True,False,True,False,False,False
0.6464313987420336,-1.1233289418851236,2023-07-08 12:00:00,-0.5308389695751816,-1.2989163627984,False,False,False,False,False,True,False,False,False,False,False,True,False,False,False,False,True
-1.121557269869631,0.797250452296444,2023-07-09 00:00:00,0.7615785833590368,0.07559830682953635,False,False,False,True,False,False,False,False,False,True,False,False,False,False,False,True,False
0.7032025011992317,-1.1233289418851236,2023-07-09 12:00:00,0.589256242967808,-1.2989163627984,False,False,False,False,True,False,False,False,False,False,False,True,False,True,False,False,False
0.013685123886807284,-1.507444820721437,2023-07-10 00:00:00,0.33077273238096405,1.4501129764574725,False,False,False,False,False,False,True,False,False,False,False,True,False,True,False,False,False
1.3255287635781368,1.565482209969071,2023-07-10 12:00:00,-1.1339671609444835,0.7628556416435044,False,False,False,False,False,True,False,False,True,False,False,False,True,False,False,False,False
0.995142505923747,-1.507444820721437,2023-07-11 00:00:00,-1.0478059907488688,0.7628556416435044,True,False,False,False,False,False,False,False,False,True,False,False,False,False,False,False,True
-0.2615469297980896,1.1813663311327576,2023-07-11 12:00:00,0.33077273238096405,0.07559830682953635,False,False,False,True,False,False,False,False,True,False,False,False,False,False,True,False,False
-1.4205038347075345,-1.1233289418851236,2023-07-12 00:00:00,0.5030950727721933,-1.2989163627984,False,False,False,False,True,False,False,False,True,False,False,False,False,False,True,False,False
-1.092273441703418,1.1813663311327576,2023-07-12 12:00:00,-0.10003311859710878,0.7628556416435044,True,False,False,False,False,False,False,False,True,False,False,False,False,False,False,False,True
0.6643969374943115,-0.73921306304881,2023-07-13 00:00:00,0.7615785833590368,-1.2989163627984,True,False,False,False,False,False,False,False,False,False,True,False,False,False,True,False,False
-0.41910470465556643,0.41313457346013055,2023-07-13 12:00:00,-0.444677799379567,0.07559830682953635,False,False,False,True,False,False,False,False,True,False,False,False,False,False,True,False,False
1.7143030221774298,-0.73921306304881,2023-07-14 00:00:00,1.4508679449239537,-0.6116590279844317,False,False,True,False,False,False,False,False,True,False,False,False,False,False,True,False,False
-0.027096649080863466,0.797250452296444,2023-07-14 12:00:00,-0.5308389695751816,-0.6116590279844317,False,True,False,False,False,False,False,False,True,False,False,False,False,False,False,True,False
0.30975720252434646,1.565482209969071,2023-07-15 00:00:00,-0.5308389695751816,-1.2989163627984,False,False,False,False,False,False,True,False,False,True,False,False,False,True,False,False,False
0.6665528021445848,-1.1233289418851236,2023-07-15 12:00:00,-0.2723554589883377,-1.2989163627984,False,False,True,False,False,False,False,False,False,False,True,False,False,False,False,True,False
1.6059708235011942,0.029018694623817037,2023-07-16 00:00:00,-0.10003311859710878,-1.2989163627984,True,False,False,False,False,False,False,False,True,False,False,False,False,False,False,False,True
0.6573903773809231,0.41313457346013055,2023-07-16 12:00:00,0.15845039198973515,-1.2989163627984,True,False,False,False,False,False,False,False,False,True,False,False,False,False,False,False,True
0.2811919959082247,-0.3550971842124965,2023-07-17 00:00:00,-1.2201283311400979,-1.2989163627984,True,False,False,False,False,False,False,True,False,False,False,False,False,True,False,False,False
0.1565111569674163,-0.3550971842124965,2023-07-17 12:00:00,0.5030950727721933,0.7628556416435044,False,True,False,False,False,False,False,True,False,False,False,False,False,False,True,False,False
-1.2767795246893117,-0.3550971842124965,2023-07-18 00:00:00,0.33077273238096405,1.4501129764574725,False,False,False,True,False,False,False,True,False,False,False,False,False,False,False,True,False
-0.9223194451068694,-1.1233289418851236,2023-07-18 12:00:00,-0.013871948401494139,-0.6116590279844317,False,True,False,False,False,False,False,False,False,True,False,False,False,False,False,True,False
-0.6655918963368187,-0.3550971842124965,2023-07-19 00:00:00,-0.6170001397707963,1.4501129764574725,False,False,False,False,True,False,False,False,False,False,False,True,False,False,False,True,False
0.8054264166996927,-1.507444820721437,2023-07-19 12:00:00,-1.650934182118171,1.4501129764574725,True,False,False,False,False,False,False,True,False,False,False,False,False,False,True,False,False
-1.2103070313058835,0.41313457346013055,2023-07-20 00:00:00,-0.444677799379567,1.4501129764574725,False,False,False,True,False,False,False,False,False,False,False,True,False,True,False,False,False
-0.39449191656494575,-1.507444820721437,2023-07-20 12:00:00,-1.2201283311400979,-1.2989163627984,False,False,False,False,False,True,False,False,False,False,True,False,True,False,False,False,False
0.419706299688287,0.41313457346013055,2023-07-21 00:00:00,-1.7370953523137855,0.07559830682953635,False,False,False,False,True,False,False,False,True,False,False,False,True,False,False,False,False
-1.2749829708140838,-1.507444820721437,2023-07-21 12:00:00,-1.650934182118171,1.4501129764574725,False,False,False,False,False,True,False,False,False,False,False,True,False,True,False,False,False
0.04260964127797465,0.41313457346013055,2023-07-22 00:00:00,1.4508679449239537,-1.2989163627984,False,False,False,True,False,False,False,False,False,False,False,True,False,True,False,False,False
-0.06805807743605699,1.1813663311327576,2023-07-22 12:00:00,1.2785456045327244,1.4501129764574725,False,False,False,False,False,True,False,False,False,True,False,False,False,False,True,False,False
-0.008232833390971708,-1.1233289418851236,2023-07-23 00:00:00,0.33077273238096405,0.7628556416435044,False,False,False,False,True,False,False,False,True,False,False,False,False,False,False,False,True
1.2177355310644697,-1.1233289418851236,2023-07-23 12:00:00,0.589256242967808,1.4501129764574725,False,True,False,False,False,False,False,False,False,False,True,False,True,False,False,False,False
-0.8937542384907476,-0.3550971842124965,2023-07-24 00:00:00,-1.650934182118171,0.7628556416435044,False,False,True,False,False,False,False,False,True,False,False,False,True,False,False,False,False
1.7313702839920937,-0.73921306304881,2023-07-24 12:00:00,0.2446115621853494,0.07559830682953635,False,False,False,False,True,False,False,False,False,False,True,False,False,False,True,False,False
-0.666130862499387,-0.3550971842124965,2023-07-25 00:00:00,1.2785456045327244,-1.2989163627984,False,False,False,False,False,False,True,False,False,False,True,False,True,False,False,False,False
1.2146813894765824,0.797250452296444,2023-07-25 12:00:00,0.7615785833590368,-0.6116590279844317,False,False,True,False,False,False,False,False,False,False,False,True,False,True,False,False,False
-1.5692584955763953,-1.507444820721437,2023-07-26 00:00:00,1.7093514555107971,-0.6116590279844317,False,False,False,False,False,False,True,True,False,False,False,False,False,False,True,False,False
1.5244072775658528,0.41313457346013055,2023-07-26 12:00:00,-1.5647730119225562,-0.6116590279844317,False,False,True,False,False,False,False,False,True,False,False,False,False,False,True,False,False
-0.4945599674151335,-0.73921306304881,2023-07-27 00:00:00,0.5030950727721933,0.07559830682953635,False,False,False,False,False,False,True,False,False,False,True,False,False,True,False,False,False
0.42258078588865144,0.797250452296444,2023-07-27 12:00:00,1.4508679449239537,0.07559830682953635,False,True,False,False,False,False,False,True,False,False,False,False,False,True,False,False,False
-1.2861216048404962,-1.1233289418851236,2023-07-28 00:00:00,0.2446115621853494,1.4501129764574725,False,False,True,False,False,False,False,False,False,False,False,True,False,False,False,False,True
-1.0035236802671654,-1.1233289418851236,2023-07-28 12:00:00,-0.35851662918395233,0.07559830682953635,False,False,False,False,True,False,False,False,False,True,False,False,False,False,False,False,True
-0.8145262125932022,-0.3550971842124965,2023-07-29 00:00:00,0.2446115621853494,-1.2989163627984,False,False,False,False,True,False,False,False,False,True,False,False,True,False,False,False,False
-1.230248779320912,-1.507444820721437,2023-07-29 12:00:00,-1.3924506715313272,0.7628556416435044,True,False,False,False,False,False,False,False,False,True,False,False,False,False,False,True,False
-0.7543416577730714,-0.73921306304881,2023-07-30 00:00:00,0.5030950727721933,0.07559830682953635,False,False,False,True,False,False,False,False,True,False,False,False,True,False,False,False,False
-0.28454281940100523,1.565482209969071,2023-07-30 12:00:00,1.3647067747283386,-1.2989163627984,False,False,True,False,False,False,False,False,False,False,True,False,False,False,True,False,False
-0.7275730050321774,0.797250452296444,2023-07-31 00:00:00,-1.1339671609444835,0.07559830682953635,False,False,False,False,True,False,False,False,True,False,False,False,False,False,False,False,True
0.6994297380612533,0.797250452296444,2023-07-31 12:00:00,-0.6170001397707963,1.4501129764574725,False,True,False,False,False,False,False,True,False,False,False,False,True,False,False,False,False
-1.019153698981647,-0.3550971842124965,2023-08-01 00:00:00,-1.1339671609444835,1.4501129764574725,False,False,False,False,False,True,False,True,False,False,False,False,False,True,False,False,False
1.4128412819142073,-1.1233289418851236,2023-08-01 12:00:00,0.9339009237502658,0.7628556416435044,False,False,True,False,False,False,False,False,False,False,True,False,False,False,False,False,True
0.18866947133399367,-0.3550971842124965,2023-08-02 00:00:00,1.2785456045327244,0.07559830682953635,False,False,False,False,True,False,False,False,False,False,True,False,False,False,True,False,False
-0.6934384814028494,0.41313457346013055,2023-08-02 12:00:00,0.15845039198973515,0.07559830682953635,False,False,True,False,False,False,False,False,False,False,True,False,True,False,False,False,False
-1.1161676082439476,-0.73921306304881,2023-08-03 00:00:00,0.33077273238096405,0.7628556416435044,False,False,False,False,False,False,True,True,False,False,False,False,False,False,True,False,False
0.4626439373062311,-1.507444820721437,2023-08-03 12:00:00,0.2446115621853494,0.07559830682953635,False,False,False,False,False,False,True,False,False,True,False,False,True,False,False,False,False
-1.3481027135358548,1.1813663311327576,2023-08-04 00:00:00,0.9339009237502658,0.07559830682953635,True,False,False,False,False,False,False,False,False,False,True,False,False,False,False,False,True
1.2028241339000791,0.029018694623817037,2023-08-04 12:00:00,-0.6170001397707963,0.07559830682953635,False,False,False,False,True,False,False,False,False,False,True,False,True,False,False,False,False
1.027480475677847,0.029018694623817037,2023-08-05 00:00:00,-1.2201283311400979,0.7628556416435044,True,False,False,False,False,False,False,False,False,False,True,False,False,False,False,False,True
0.041531708952837976,-0.3550971842124965,2023-08-05 12:00:00,1.3647067747283386,1.4501129764574725,False,False,False,False,True,False,False,False,False,False,False,True,True,False,False,False,False
0.3009540885357303,0.41313457346013055,2023-08-06 00:00:00,0.33077273238096405,0.7628556416435044,False,False,False,True,False,False,False,False,False,True,False,False,False,True,False,False,False
-1.647228933761281,-0.73921306304881,2023-08-06 12:00:00,-0.444677799379567,0.07559830682953635,False,False,True,False,False,False,False,False,False,False,False,True,False,True,False,False,False
-0.13974057705764567,1.565482209969071,2023-08-07 00:00:00,0.15845039198973515,0.7628556416435044,False,False,False,False,False,True,False,False,False,True,False,False,True,False,False,False,False
-1.1352110793213621,0.029018694623817037,2023-08-07 12:00:00,1.3647067747283386,-1.2989163627984,True,False,False,False,False,False,False,False,True,False,False,False,False,True,False,False,False
1.3695443335212176,-0.73921306304881,2023-08-08 00:00:00,-0.18619428879272343,0.7628556416435044,False,False,True,False,False,False,False,False,False,False,False,True,False,False,False,False,True
-0.6900250290399166,-1.507444820721437,2023-08-08 12:00:00,1.0200620939458809,1.4501129764574725,True,False,False,False,False,False,False,False,False,False,True,False,False,False,False,False,True
0.31478755337498426,0.41313457346013055,2023-08-09 00:00:00,-0.9616448205532544,0.7628556416435044,True,False,False,False,False,False,False,False,False,False,True,False,False,False,True,False,False
-1.6481272106988951,-1.1233289418851236,2023-08-09 12:00:00,-1.1339671609444835,-0.6116590279844317,False,False,False,False,True,False,False,False,False,False,True,False,True,False,False,False,False
-0.3670046422739606,-0.73921306304881,2023-08-10 00:00:00,0.4169339025765787,-1.2989163627984,False,False,False,True,False,False,False,False,False,False,True,False,False,False,False,False,True
-0.35909980522295837,-1.507444820721437,2023-08-10 12:00:00,-0.35851662918395233,0.07559830682953635,False,False,False,True,False,False,False,False,False,False,False,True,False,False,False,False,True
-1.591356108241697,1.565482209969071,2023-08-11 00:00:00,-0.7893224801620251,-0.6116590279844317,False,True,False,False,False,False,False,False,False,False,True,False,False,False,True,False,False
0.37209762199475066,1.1813663311327576,2023-08-11 12:00:00,0.589256242967808,0.7628556416435044,False,True,False,False,False,False,False,False,False,True,False,False,True,False,False,False,False
-0.6463687698718814,-1.1233289418851236,2023-08-12 00:00:00,-1.7370953523137855,1.4501129764574725,False,False,False,False,True,False,False,True,False,False,False,False,False,False,False,False,True
1.671185729171963,1.1813663311327576,2023-08-12 12:00:00,-1.3924506715313272,1.4501129764574725,False,False,False,False,False,True,False,True,False,False,False,False,False,False,False,True,False
-1.1891076955781956,1.565482209969071,2023-08-13 00:00:00,-0.2723554589883377,1.4501129764574725,False,False,True,False,False,False,False,False,False,False,True,False,False,True,False,False,False
0.8877085841851253,-1.507444820721437,2023-08-13 12:00:00,-1.2201283311400979,-1.2989163627984,False,False,False,False,False,True,False,False,False,True,False,False,False,False,False,False,True
1.7218485484533865,0.029018694623817037,2023-08-14 00:00:00,-1.2201283311400979,-0.6116590279844317,False,False,False,False,True,False,False,True,False,False,False,False,True,False,False,False,False
1.1609644286072716,1.1813663311327576,2023-08-14 12:00:00,0.7615785833590368,0.07559830682953635,False,False,False,True,False,False,False,False,False,True,False,False,False,True,False,False,False
1.4229019836154828,-1.1233289418851236,2023-08-15 00:00:00,0.33077273238096405,-1.2989163627984,True,False,False,False,False,False,False,False,False,False,False,True,False,False,False,False,True
1.5035672526132104,-0.3550971842124965,2023-08-15 12:00:00,-1.0478059907488688,-1.2989163627984,False,True,False,False,False,False,False,False,True,False,False,False,False,False,False,False,True
-0.8107534494552239,0.797250452296444,2023-08-16 00:00:00,0.15845039198973515,-1.2989163627984,False,True,False,False,False,False,False,True,False,False,False,False,True,False,False,False,False
-0.8051841324420177,-0.73921306304881,2023-08-16 12:00:00,-0.6170001397707963,0.7628556416435044,False,False,False,True,False,False,False,True,False,False,False,False,True,False,False,False,False
-1.3371437348969653,0.029018694623817037,2023-08-17 00:00:00,1.106223264141495,0.07559830682953635,False,False,False,False,False,False,True,False,False,False,False,True,True,False,False,False,False
-0.40042054435319746,1.1813663311327576,2023-08-17 12:00:00,-0.10003311859710878,-1.2989163627984,False,False,False,True,False,False,False,False,False,True,False,False,True,False,False,False,False
0.4414446015785432,-0.73921306304881,2023-08-18 00:00:00,-0.2723554589883377,-0.6116590279844317,True,False,False,False,False,False,False,False,True,False,False,False,False,False,False,False,True
-1.1041306972799214,-0.3550971842124965,2023-08-18 12:00:00,-0.8754836503576398,1.4501129764574725,False,False,False,False,True,False,False,False,False,True,False,False,False,False,True,False,False
-0.7081702231797172,1.565482209969071,2023-08-19 00:00:00,1.2785456045327244,-0.6116590279844317,False,True,False,False,False,False,False,False,False,False,True,False,False,False,False,True,False
0.1674701356063058,0.797250452296444,2023-08-19 12:00:00,0.15845039198973515,0.7628556416435044,False,False,False,False,True,False,False,True,False,False,False,False,True,False,False,False,False
0.8921999688731947,-1.507444820721437,2023-08-20 00:00:00,-1.5647730119225562,1.4501129764574725,False,True,False,False,False,False,False,True,False,False,False,False,False,False,True,False,False
-1.198629431116903,-0.3550971842124965,2023-08-20 12:00:00,1.623190285315183,0.07559830682953635,False,True,False,False,False,False,False,False,False,False,False,True,False,False,True,False,False
0.7182935537511451,-0.3550971842124965,2023-08-21 00:00:00,1.1923844343371102,0.7628556416435044,True,False,False,False,False,False,False,False,True,False,False,False,False,True,False,False,False
0.45958979571834385,1.565482209969071,2023-08-21 12:00:00,-0.7893224801620251,0.07559830682953635,False,False,False,False,False,False,True,False,True,False,False,False,True,False,False,False,False
0.8643533838071641,0.41313457346013055,2023-08-22 00:00:00,0.6754174131634222,-0.6116590279844317,False,False,False,False,True,False,False,False,False,False,False,True,True,False,False,False,False
-0.143513340195624,1.565482209969071,2023-08-22 12:00:00,-1.7370953523137855,-1.2989163627984,False,False,False,True,False,False,False,False,False,True,False,False,False,False,False,False,True
0.8273443739774717,0.41313457346013055,2023-08-23 00:00:00,1.4508679449239537,-0.6116590279844317,False,False,False,True,False,False,False,False,True,False,False,False,False,False,True,False,False
-1.591356108241697,0.41313457346013055,2023-08-23 12:00:00,0.9339009237502658,0.7628556416435044,False,True,False,False,False,False,False,False,False,False,True,False,True,False,False,False,False
1.466558242783518,0.029018694623817037,2023-08-24 00:00:00,0.8477397535546515,0.7628556416435044,False,True,False,False,False,False,False,True,False,False,False,False,False,False,False,True,False
-1.5967457698673804,0.029018694623817037,2023-08-24 12:00:00,-0.013871948401494139,1.4501129764574725,False,False,False,False,False,True,False,False,False,True,False,False,False,False,False,True,False
-0.43114161561959263,-1.1233289418851236,2023-08-25 00:00:00,1.1923844343371102,0.7628556416435044,False,False,False,True,False,False,False,False,False,False,True,False,False,False,False,False,True
0.8850137533722836,1.1813663311327576,2023-08-25 12:00:00,-1.650934182118171,0.07559830682953635,False,True,False,False,False,False,False,False,False,False,False,True,True,False,False,False,False
0.779196730121367,1.1813663311327576,2023-08-26 00:00:00,0.33077273238096405,-1.2989163627984,False,False,False,False,False,False,True,False,True,False,False,False,False,False,False,True,False
1.2922925168864228,-1.507444820721437,2023-08-26 12:00:00,-1.0478059907488688,-0.6116590279844317,False,False,True,False,False,False,False,False,False,False,True,False,False,False,False,False,True
-0.392695362689718,1.1813663311327576,2023-08-27 00:00:00,-1.2201283311400979,0.07559830682953635,False,False,False,False,False,True,False,False,True,False,False,False,False,True,False,False,False
-0.9728026090007702,0.029018694623817037,2023-08-27 12:00:00,-0.2723554589883377,-0.6116590279844317,False,True,False,False,False,False,False,False,True,False,False,False,True,False,False,False,False
-0.938847740758965,-1.1233289418851236,2023-08-28 00:00:00,1.4508679449239537,0.07559830682953635,False,False,False,True,False,False,False,True,False,False,False,False,False,False,False,True,False
-1.2726474507762877,-1.1233289418851236,2023-08-28 12:00:00,-0.35851662918395233,-1.2989163627984,False,False,True,False,False,False,False,False,False,False,False,True,False,False,False,False,True
1.3501415516687576,0.41313457346013055,2023-08-29 00:00:00,0.8477397535546515,-0.6116590279844317,True,False,False,False,False,False,False,True,False,False,False,False,False,False,True,False,False
1.7211299269032954,1.565482209969071,2023-08-29 12:00:00,-0.6170001397707963,0.07559830682953635,False,False,False,False,False,True,False,False,False,False,False,True,False,False,True,False,False
-0.7365557744083163,-1.507444820721437,2023-08-30 00:00:00,-1.650934182118171,-0.6116590279844317,True,False,False,False,False,False,False,False,False,True,False,False,False,True,False,False,False
-0.22471757535591996,0.41313457346013055,2023-08-30 12:00:00,0.8477397535546515,-0.6116590279844317,True,False,False,False,False,False,False,True,False,False,False,False,False,True,False,False,False
-0.9153128849934811,1.565482209969071,2023-08-31 00:00:00,-1.0478059907488688,-0.6116590279844317,False,False,False,False,False,False,True,False,False,True,False,False,False,False,False,False,True
0.2774192327702463,1.1813663311327576,2023-08-31 12:00:00,0.33077273238096405,-0.6116590279844317,False,False,False,False,True,False,False,False,False,True,False,False,False,True,False,False,False
-0.34760186042150054,0.41313457346013055,2023-09-01 00:00:00,1.0200620939458809,-1.2989163627984,False,False,False,True,False,False,False,False,False,True,False,False,False,False,False,False,True
-1.512487393119197,-0.73921306304881,2023-09-01 12:00:00,-0.5308389695751816,1.4501129764574725,True,False,False,False,False,False,False,False,False,True,False,False,True,False,False,False,False
-1.531351208809089,1.1813663311327576,2023-09-02 00:00:00,1.2785456045327244,1.4501129764574725,False,False,False,True,False,False,False,False,False,False,True,False,False,False,False,True,False
1.608665654314036,1.565482209969071,2023-09-02 12:00:00,-1.0478059907488688,0.7628556416435044,False,False,False,False,False,True,False,False,False,True,False,False,False,False,False,False,True
0.2853240698212486,-1.507444820721437,2023-09-03 00:00:00,-1.4786118417269416,-1.2989163627984,True,False,False,False,False,False,False,True,False,False,False,False,True,False,False,False,False
-0.8725549027630597,1.565482209969071,2023-09-03 12:00:00,0.0722892217941205,-0.6116590279844317,False,False,False,True,False,False,False,False,False,True,False,False,True,False,False,False,False
-0.04272666779534521,0.41313457346013055,2023-09-04 00:00:00,1.5370291151195679,-0.6116590279844317,False,False,False,False,False,False,True,True,False,False,False,False,False,False,False,False,True
-0.7638633933117787,0.41313457346013055,2023-09-04 12:00:00,0.589256242967808,0.07559830682953635,True,False,False,False,False,False,False,False,False,False,False,True,True,False,False,False,False
-0.11890055210500335,-0.3550971842124965,2023-09-05 00:00:00,-1.4786118417269416,-1.2989163627984,False,False,True,False,False,False,False,False,False,False,True,False,False,False,False,True,False
-0.9442374023846484,-1.507444820721437,2023-09-05 12:00:00,-0.2723554589883377,0.7628556416435044,False,False,False,False,True,False,False,True,False,False,False,False,True,False,False,False,False
-0.5003089398158623,1.1813663311327576,2023-09-06 00:00:00,-1.650934182118171,0.7628556416435044,False,False,False,False,True,False,False,False,False,True,False,False,False,True,False,False,False
-0.8515352224228946,-1.1233289418851236,2023-09-06 12:00:00,-0.2723554589883377,-0.6116590279844317,False,False,False,False,False,False,True,False,False,False,False,True,False,True,False,False,False
-0.5128848169424569,-1.507444820721437,2023-09-07 00:00:00,-0.6170001397707963,-1.2989163627984,False,False,False,False,True,False,False,False,False,False,True,False,False,False,True,False,False
1.0387987650917823,-1.1233289418851236,2023-09-07 12:00:00,-0.013871948401494139,-1.2989163627984,False,False,True,False,False,False,False,False,False,True,False,False,False,True,False,False,False
1.3925402231241333,-1.507444820721437,2023-09-08 00:00:00,-1.5647730119225562,-0.6116590279844317,False,False,False,False,False,False,True,False,False,False,False,True,False,False,False,True,False
-1.266000201437945,-1.507444820721437,2023-09-08 12:00:00,-1.650934182118171,0.07559830682953635,False,False,False,False,False,False,True,False,True,False,False,False,False,False,False,True,False
-0.4544968159975538,1.565482209969071,2023-09-09 00:00:00,-0.18619428879272343,-0.6116590279844317,False,False,False,False,True,False,False,True,False,False,False,False,False,False,True,False,False
0.34676621235403887,-1.507444820721437,2023-09-09 12:00:00,-0.18619428879272343,1.4501129764574725,False,False,False,False,True,False,False,False,False,False,True,False,False,True,False,False,False
0.342634138441015,-0.3550971842124965,2023-09-10 00:00:00,1.5370291151195679,0.7628556416435044,False,True,False,False,False,False,False,False,False,False,True,False,False,False,True,False,False
-1.4451166227981551,0.41313457346013055,2023-09-10 12:00:00,-1.4786118417269416,0.7628556416435044,False,False,False,True,False,False,False,False,False,False,False,True,False,False,False,False,True
0.7865626010098009,0.797250452296444,2023-09-11 00:00:00,-0.10003311859710878,0.07559830682953635,True,False,False,False,False,False,False,False,True,False,False,False,True,False,False,False,False
1.4352982053545547,-1.1233289418851236,2023-09-11 12:00:00,0.8477397535546515,0.07559830682953635,False,False,False,False,False,True,False,False,False,False,False,True,False,True,False,False,False
-0.5879807689269784,0.41313457346013055,2023-09-12 00:00:00,0.9339009237502658,0.07559830682953635,False,False,False,False,False,True,False,True,False,False,False,False,False,True,False,False,False
1.7029847327634948,0.797250452296444,2023-09-12 12:00:00,-0.6170001397707963,-1.2989163627984,False,False,True,False,False,False,False,False,False,True,False,False,False,True,False,False,False
1.4979979356000044,-1.1233289418851236,2023-09-13 00:00:00,1.106223264141495,1.4501129764574725,False,True,False,False,False,False,False,True,False,False,False,False,False,True,False,False,False
0.7583567051687247,-1.1233289418851236,2023-09-13 12:00:00,1.3647067747283386,0.7628556416435044,False,True,False,False,False,False,False,False,True,False,False,False,False,False,False,True,False
-0.0010466178900605631,0.797250452296444,2023-09-14 00:00:00,-0.8754836503576398,0.7628556416435044,False,False,False,True,False,False,False,False,True,False,False,False,False,False,False,False,True
1.466558242783518,-1.507444820721437,2023-09-14 12:00:00,1.623190285315183,-0.6116590279844317,False,False,False,True,False,False,False,False,False,False,True,False,False,True,False,False,False
-0.16076025739781077,1.1813663311327576,2023-09-15 00:00:00,1.7093514555107971,1.4501129764574725,True,False,False,False,False,False,False,False,False,False,True,False,False,False,False,True,False
-0.3758077562625768,-0.73921306304881,2023-09-15 12:00:00,-0.18619428879272343,1.4501129764574725,False,False,False,True,False,False,False,False,False,True,False,False,False,False,False,False,True
-0.9474711993600584,0.41313457346013055,2023-09-16 00:00:00,1.4508679449239537,-0.6116590279844317,True,False,False,False,False,False,False,False,True,False,False,False,True,False,False,False,False
-1.4842814972781209,1.565482209969071,2023-09-16 12:00:00,1.5370291151195679,-1.2989163627984,False,False,True,False,False,False,False,False,False,True,False,False,False,True,False,False,False
-1.157847658149232,0.41313457346013055,2023-09-17 00:00:00,1.0200620939458809,-0.6116590279844317,False,True,False,False,False,False,False,False,False,False,True,False,False,False,True,False,False
-1.3969689789420505,1.565482209969071,2023-09-17 12:00:00,-0.18619428879272343,0.7628556416435044,False,False,False,True,False,False,False,False,False,False,True,False,False,False,False,True,False
-0.5385755373582143,0.797250452296444,2023-09-18 00:00:00,-0.9616448205532544,-0.6116590279844317,False,False,False,False,False,False,True,False,True,False,False,False,False,False,True,False,False
1.7464613365440071,1.565482209969071,2023-09-18 12:00:00,-1.0478059907488688,0.07559830682953635,False,False,True,False,False,False,False,True,False,False,False,False,False,False,False,True,False
-0.7697920211000303,-1.1233289418851236,2023-09-19 00:00:00,-0.9616448205532544,0.07559830682953635,False,False,False,False,False,False,True,True,False,False,False,False,False,False,False,True,False
1.0598184454319473,1.1813663311327576,2023-09-19 12:00:00,0.4169339025765787,-1.2989163627984,True,False,False,False,False,False,False,False,False,False,False,True,False,False,False,True,False
0.38233797908354905,1.1813663311327576,2023-09-20 00:00:00,-1.3924506715313272,0.7628556416435044,False,False,False,False,False,True,False,False,False,False,True,False,False,False,False,True,False
-0.8691414504001269,-1.1233289418851236,2023-09-20 12:00:00,0.15845039198973515,1.4501129764574725,False,False,False,False,True,False,False,False,False,False,False,True,False,False,True,False,False
-0.027096649080863466,-0.3550971842124965,2023-09-21 00:00:00,-1.4786118417269416,0.07559830682953635,False,False,False,False,False,False,True,False,False,True,False,False,False,False,False,True,False
-1.055803398036294,0.797250452296444,2023-09-21 12:00:00,1.3647067747283386,0.07559830682953635,False,True,False,False,False,False,False,True,False,False,False,False,False,True,False,False,False
0.6342148323904847,-0.3550971842124965,2023-09-22 00:00:00,1.3647067747283386,0.07559830682953635,False,False,False,True,False,False,False,False,False,True,False,False,True,False,False,False,False
-0.0017652394401516777,-0.3550971842124965,2023-09-22 12:00:00,-1.650934182118171,0.07559830682953635,False,False,True,False,False,False,False,False,False,False,True,False,True,False,False,False,False
0.10135695299792326,0.41313457346013055,2023-09-23 00:00:00,-0.7031613099664105,-1.2989163627984,False,False,True,False,False,False,False,False,True,False,False,False,False,False,True,False,False
1.7732299892849013,0.41313457346013055,2023-09-23 12:00:00,0.5030950727721933,-0.6116590279844317,False,False,True,False,False,False,False,False,True,False,False,False,False,False,True,False,False
-0.5489955498345354,-0.73921306304881,2023-09-24 00:00:00,-1.0478059907488688,-1.2989163627984,False,False,False,True,False,False,False,True,False,False,False,False,False,True,False,False,False
0.10818385772378884,1.565482209969071,2023-09-24 12:00:00,1.623190285315183,0.07559830682953635,False,False,False,False,True,False,False,False,True,False,False,False,False,True,False,False,False
0.9157348246386788,-1.1233289418851236,2023-09-25 00:00:00,0.4169339025765787,-1.2989163627984,True,False,False,False,False,False,False,True,False,False,False,False,False,False,True,False,False
-1.6315989150467995,0.41313457346013055,2023-09-25 12:00:00,-0.5308389695751816,-1.2989163627984,False,True,False,False,False,False,False,True,False,False,False,False,False,False,False,True,False
-1.5040435899056266,0.797250452296444,2023-09-26 00:00:00,-1.5647730119225562,0.07559830682953635,False,False,False,False,True,False,False,False,False,False,False,True,False,False,False,False,True
-1.4470928320609058,1.565482209969071,2023-09-26 12:00:00,-1.1339671609444835,1.4501129764574725,False,True,False,False,False,False,False,False,False,True,False,False,False,True,False,False,False
-1.574288846427033,-0.73921306304881,2023-09-27 00:00:00,-1.3924506715313272,1.4501129764574725,False,False,True,False,False,False,False,False,False,False,True,False,False,False,False,True,False
1.3880488384360639,-0.73921306304881,2023-09-27 12:00:00,-0.18619428879272343,-1.2989163627984,False,True,False,False,False,False,False,False,False,True,False,False,False,False,True,False,False
-0.8186582865062261,0.797250452296444,2023-09-28 00:00:00,-1.650934182118171,0.7628556416435044,False,False,False,False,False,False,True,False,False,True,False,False,False,False,True,False,False
0.6902673132975916,-0.3550971842124965,2023-09-28 12:00:00,1.5370291151195679,-1.2989163627984,False,False,False,False,False,True,False,False,False,True,False,False,False,True,False,False,False
1.2452228053554548,1.1813663311327576,2023-09-29 00:00:00,0.33077273238096405,0.07559830682953635,False,False,False,False,False,True,False,False,False,False,False,True,False,False,False,False,True
-1.3439706396228308,0.797250452296444,2023-09-29 12:00:00,-0.7893224801620251,0.7628556416435044,False,False,True,False,False,False,False,True,False,False,False,False,False,False,True,False,False
-1.0705351398131617,0.029018694623817037,2023-09-30 00:00:00,-1.4786118417269416,1.4501129764574725,False,False,True,False,False,False,False,False,False,False,False,True,False,True,False,False,False
0.6083444565872046,0.797250452296444,2023-09-30 12:00:00,-1.650934182118171,-1.2989163627984,False,True,False,False,False,False,False,False,False,False,True,False,False,False,False,True,False
-1.3894234526660938,-0.73921306304881,2023-10-01 00:00:00,-1.0478059907488688,-1.2989163627984,False,False,False,False,True,False,False,False,True,False,False,False,False,True,False,False,False
-0.8400372776214368,-1.1233289418851236,2023-10-01 12:00:00,-0.2723554589883377,-1.2989163627984,False,False,True,False,False,False,False,False,False,False,False,True,True,False,False,False,False
0.2546029985548534,0.41313457346013055,2023-10-02 00:00:00,-0.6170001397707963,-0.6116590279844317,True,False,False,False,False,False,False,False,True,False,False,False,False,False,False,False,True
0.7648242991195447,-1.1233289418851236,2023-10-02 12:00:00,-0.9616448205532544,1.4501129764574725,False,False,False,False,False,True,False,False,False,False,True,False,True,False,False,False,False
0.38054142520832124,-0.73921306304881,2023-10-03 00:00:00,1.0200620939458809,0.07559830682953635,False,False,False,True,False,False,False,False,False,True,False,False,False,False,False,False,True
1.1094033323882342,0.41313457346013055,2023-10-03 12:00:00,0.0722892217941205,0.7628556416435044,True,False,False,False,False,False,False,False,False,True,False,False,True,False,False,False,False
-0.6100783815922801,0.029018694623817037,2023-10-04 00:00:00,0.2446115621853494,-0.6116590279844317,False,False,True,False,False,False,False,False,False,False,True,False,False,True,False,False,False
1.446975805543535,1.1813663311327576,2023-10-04 12:00:00,-0.7893224801620251,-0.6116590279844317,False,False,False,False,False,True,False,False,False,False,True,False,False,True,False,False,False
-0.7079905677921945,1.565482209969071,2023-10-05 00:00:00,-0.10003311859710878,-1.2989163627984,True,False,False,False,False,False,False,False,False,True,False,False,False,False,False,True,False
0.0003906252101216659,-0.73921306304881,2023-10-05 12:00:00,1.4508679449239537,1.4501129764574725,False,True,False,False,False,False,False,True,False,False,False,False,False,False,False,False,True
0.40299834864866857,-0.73921306304881,2023-10-06 00:00:00,-1.1339671609444835,0.7628556416435044,False,False,False,False,False,False,True,False,False,False,False,True,False,False,True,False,False
-0.27538039463734354,-0.73921306304881,2023-10-06 12:00:00,-0.8754836503576398,1.4501129764574725,False,False,False,False,True,False,False,False,False,True,False,False,False,False,False,True,False
-1.123892789907427,0.41313457346013055,2023-10-07 00:00:00,-0.18619428879272343,0.07559830682953635,False,False,False,False,True,False,False,False,True,False,False,False,False,False,False,True,False
1.706937151288996,-1.507444820721437,2023-10-07 12:00:00,-0.9616448205532544,0.7628556416435044,False,False,True,False,False,False,False,True,False,False,False,False,False,True,False,False,False
-0.16597026363597134,0.797250452296444,2023-10-08 00:00:00,1.0200620939458809,1.4501129764574725,False,False,False,False,False,True,False,False,False,True,False,False,True,False,False,False,False
-0.4440768035212327,-1.507444820721437,2023-10-08 12:00:00,-0.7031613099664105,1.4501129764574725,True,False,False,False,False,False,False,False,False,False,False,True,True,False,False,False,False
0.6714034976076999,0.029018694623817037,2023-10-09 00:00:00,1.623190285315183,-1.2989163627984,False,False,False,False,True,False,False,False,False,False,False,True,False,False,False,False,True
-1.4790714910399603,1.1813663311327576,2023-10-09 12:00:00,-0.35851662918395233,-1.2989163627984,False,False,True,False,False,False,False,False,False,True,False,False,False,False,False,True,False
0.24957264770421564,-0.3550971842124965,2023-10-10 00:00:00,1.2785456045327244,0.07559830682953635,False,False,False,False,True,False,False,False,True,False,False,False,False,False,False,True,False
0.258196106305309,0.029018694623817037,2023-10-10 12:00:00,0.7615785833590368,1.4501129764574725,True,False,False,False,False,False,False,False,True,False,False,False,False,False,True,False,False
-1.6023150868805864,-0.3550971842124965,2023-10-11 00:00:00,-0.444677799379567,0.7628556416435044,False,False,True,False,False,False,False,False,True,False,False,False,False,False,False,True,False
-0.04470287705809577,-0.3550971842124965,2023-10-11 12:00:00,-0.013871948401494139,0.7628556416435044,False,False,False,False,False,True,False,False,False,False,False,True,True,False,False,False,False
0.7317677078153535,1.1813663311327576,2023-10-12 00:00:00,1.4508679449239537,0.7628556416435044,True,False,False,False,False,False,False,False,False,True,False,False,False,False,False,True,False
-1.0540068441610662,-1.1233289418851236,2023-10-12 12:00:00,-0.18619428879272343,-1.2989163627984,False,False,False,False,False,False,True,False,False,False,True,False,False,True,False,False,False
1.7144826775649527,-1.507444820721437,2023-10-13 00:00:00,0.7615785833590368,-0.6116590279844317,False,True,False,False,False,False,False,False,True,False,False,False,False,False,True,False,False
-0.37778396552532734,-0.73921306304881,2023-10-13 12:00:00,-0.5308389695751816,1.4501129764574725,False,True,False,False,False,False,False,False,False,False,True,False,False,True,False,False,False
-1.625310976483502,1.565482209969071,2023-10-14 00:00:00,0.15845039198973515,1.4501129764574725,False,False,False,False,False,True,False,False,False,True,False,False,True,False,False,False,False
-0.8303358866952067,-0.3550971842124965,2023-10-14 12:00:00,0.0722892217941205,-0.6116590279844317,False,False,False,True,False,False,False,True,False,False,False,False,False,False,False,False,True
-0.8535114316856451,0.029018694623817037,2023-10-15 00:00:00,0.33077273238096405,-1.2989163627984,True,False,False,False,False,False,False,False,False,False,False,True,True,False,False,False,False
-0.6366673789456514,-1.1233289418851236,2023-10-15 12:00:00,0.7615785833590368,0.7628556416435044,False,False,False,False,False,True,False,False,False,False,True,False,False,False,False,True,False
0.9434017543171868,-0.3550971842124965,2023-10-16 00:00:00,1.5370291151195679,-1.2989163627984,False,False,True,False,False,False,False,False,False,False,True,False,False,False,False,True,False
-0.4085050367917225,-1.1233289418851236,2023-10-16 12:00:00,-0.6170001397707963,0.7628556416435044,False,False,False,False,False,False,True,True,False,False,False,False,False,False,False,False,True
-0.7663785687370975,-1.1233289418851236,2023-10-17 00:00:00,0.8477397535546515,1.4501129764574725,False,False,True,False,False,False,False,False,False,False,False,True,False,False,True,False,False
0.6521803711427625,-0.3550971842124965,2023-10-17 12:00:00,-1.5647730119225562,1.4501129764574725,False,True,False,False,False,False,False,False,False,False,False,True,False,False,True,False,False
-1.2228829084324782,0.41313457346013055,2023-10-18 00:00:00,0.9339009237502658,0.7628556416435044,False,True,False,False,False,False,False,False,False,True,False,False,False,True,False,False,False
1.3873302168859727,0.797250452296444,2023-10-18 12:00:00,-0.8754836503576398,0.7628556416435044,False,True,False,False,False,False,False,False,False,True,False,False,False,False,True,False,False
-1.438110062684767,-0.73921306304881,2023-10-19 00:00:00,1.1923844343371102,-0.6116590279844317,False,False,False,True,False,False,False,True,False,False,False,False,False,True,False,False,False
0.5553461172679849,-0.73921306304881,2023-10-19 12:00:00,1.4508679449239537,-0.6116590279844317,False,False,False,False,False,True,False,True,False,False,False,False,True,False,False,False,False
-0.6957740014406455,0.41313457346013055,2023-10-20 00:00:00,-0.7893224801620251,0.7628556416435044,False,False,False,True,False,False,False,False,False,False,True,False,True,False,False,False,False
1.2671407626332338,-0.73921306304881,2023-10-20 12:00:00,1.623190285315183,-1.2989163627984,False,False,False,False,False,True,False,True,False,False,False,False,False,False,False,False,True
-0.8590807486988513,-1.1233289418851236,2023-10-21 00:00:00,-0.10003311859710878,-0.6116590279844317,False,False,False,False,False,True,False,False,True,False,False,False,False,False,False,True,False
1.5515352410817924,1.1813663311327576,2023-10-21 12:00:00,-1.650934182118171,-0.6116590279844317,False,False,False,False,False,True,False,False,False,False,True,False,False,True,False,False,False
0.09884177757260436,0.029018694623817037,2023-10-22 00:00:00,-0.2723554589883377,-0.6116590279844317,False,False,True,False,False,False,False,False,False,True,False,False,False,False,True,False,False
-1.7205283318705749,-1.507444820721437,2023-10-22 12:00:00,0.9339009237502658,0.07559830682953635,False,False,False,False,True,False,False,False,False,True,False,False,False,False,False,False,True
1.7371192563928226,-0.73921306304881,2023-10-23 00:00:00,-0.2723554589883377,-0.6116590279844317,False,False,True,False,False,False,False,True,False,False,False,False,True,False,False,False,False
-0.8015910246915622,1.1813663311327576,2023-10-23 12:00:00,-1.3924506715313272,-1.2989163627984,True,False,False,False,False,False,False,True,False,False,False,False,False,False,False,False,True
-1.5397950120226596,-0.3550971842124965,2023-10-24 00:00:00,0.15845039198973515,0.7628556416435044,True,False,False,False,False,False,False,False,False,True,False,False,False,True,False,False,False
-1.3281609655208264,0.797250452296444,2023-10-24 12:00:00,1.7093514555107971,1.4501129764574725,False,False,False,False,False,False,True,False,False,False,False,True,False,False,True,False,False
-0.21034514435409768,-1.1233289418851236,2023-10-25 00:00:00,-0.6170001397707963,-0.6116590279844317,False,False,False,False,True,False,False,False,False,False,True,False,False,False,True,False,False
0.7121852705753706,0.797250452296444,2023-10-25 12:00:00,0.2446115621853494,-1.2989163627984,False,False,True,False,False,False,False,False,False,True,False,False,False,False,False,True,False
0.8850137533722836,0.029018694623817037,2023-10-26 00:00:00,0.9339009237502658,-1.2989163627984,False,False,True,False,False,False,False,False,False,True,False,False,False,True,False,False,False
-0.9751381290385663,0.029018694623817037,2023-10-26 12:00:00,1.4508679449239537,1.4501129764574725,False,False,False,False,False,False,True,False,False,False,False,True,False,False,False,False,True
-0.4699471793245128,0.41313457346013055,2023-10-27 00:00:00,0.0722892217941205,-1.2989163627984,False,False,True,False,False,False,False,False,False,False,False,True,False,True,False,False,False
-0.4756961517252417,1.565482209969071,2023-10-27 12:00:00,-1.0478059907488688,-1.2989163627984,False,False,False,False,False,False,True,True,False,False,False,False,True,False,False,False,False
0.7520687666054274,0.41313457346013055,2023-10-28 00:00:00,1.2785456045327244,1.4501129764574725,False,False,True,False,False,False,False,False,False,False,False,True,True,False,False,False,False
1.5147058866396228,1.1813663311327576,2023-10-28 12:00:00,0.8477397535546515,-0.6116590279844317,False,False,False,False,True,False,False,False,False,False,True,False,False,True,False,False,False
0.1362100981773423,0.797250452296444,2023-10-29 00:00:00,0.4169339025765787,-1.2989163627984,False,False,False,False,False,False,True,False,False,False,True,False,False,False,False,False,True
-0.4167691846177703,1.565482209969071,2023-10-29 12:00:00,-0.10003311859710878,1.4501129764574725,False,False,False,False,True,False,False,False,True,False,False,False,True,False,False,False,False
-0.1587840481350602,-0.3550971842124965,2023-10-30 00:00:00,0.6754174131634222,-0.6116590279844317,True,False,False,False,False,False,False,True,False,False,False,False,False,False,False,False,True
-1.6531575615495329,-1.1233289418851236,2023-10-30 12:00:00,0.0722892217941205,1.4501129764574725,False,False,True,False,False,False,False,False,False,True,False,False,False,False,True,False,False
-1.6495644537990772,0.797250452296444,2023-10-31 00:00:00,-1.0478059907488688,0.07559830682953635,False,False,False,False,False,False,True,False,False,False,True,False,False,True,False,False,False
-0.25346243735956453,0.41313457346013055,2023-10-31 12:00:00,-0.7031613099664105,-1.2989163627984,False,False,False,True,False,False,False,False,False,False,True,False,True,False,False,False,False
1.0010711337119986,-1.507444820721437,2023-11-01 00:00:00,-1.1339671609444835,0.7628556416435044,False,False,False,False,False,False,True,False,True,False,False,False,False,False,True,False,False
0.5707964805949438,1.565482209969071,2023-11-01 12:00:00,-0.7031613099664105,0.07559830682953635,False,False,True,False,False,False,False,False,False,False,False,True,False,False,False,True,False
1.5806394138604825,1.565482209969071,2023-11-02 00:00:00,-0.10003311859710878,1.4501129764574725,False,False,False,False,False,True,False,True,False,False,False,False,False,False,False,True,False
0.04925689061631745,-1.1233289418851236,2023-11-02 12:00:00,0.7615785833590368,1.4501129764574725,True,False,False,False,False,False,False,True,False,False,False,False,False,False,False,False,True
-0.6461891144843587,-0.73921306304881,2023-11-03 00:00:00,-1.7370953523137855,-0.6116590279844317,False,True,False,False,False,False,False,False,True,False,False,False,False,False,False,False,True
0.9917290535608142,0.029018694623817037,2023-11-03 12:00:00,-0.9616448205532544,-1.2989163627984,False,False,False,False,True,False,False,True,False,False,False,False,True,False,False,False,False
1.483625504598182,0.029018694623817037,2023-11-04 00:00:00,-0.9616448205532544,-0.6116590279844317,False,False,False,False,True,False,False,False,False,False,True,False,False,False,False,False,True
-1.0689182413254568,-1.507444820721437,2023-11-04 12:00:00,-1.3924506715313272,0.07559830682953635,False,False,False,False,False,False,True,True,False,False,False,False,False,False,True,False,False
0.2389729798403717,1.1813663311327576,2023-11-05 00:00:00,1.4508679449239537,-1.2989163627984,False,False,False,True,False,False,False,False,False,False,False,True,True,False,False,False,False
-0.8581824717612374,1.1813663311327576,2023-11-05 12:00:00,1.3647067747283386,0.07559830682953635,False,False,False,False,True,False,False,False,False,True,False,False,False,True,False,False,False
0.6952976641482295,-0.3550971842124965,2023-11-06 00:00:00,-1.5647730119225562,0.07559830682953635,False,False,False,False,False,False,True,False,False,False,False,True,False,False,True,False,False
1.0524525745435134,0.797250452296444,2023-11-06 12:00:00,1.7093514555107971,0.07559830682953635,False,False,False,True,False,False,False,False,False,True,False,False,True,False,False,False,False
-0.6447518713841764,-0.73921306304881,2023-11-07 00:00:00,-0.2723554589883377,0.07559830682953635,False,False,False,False,True,False,False,False,False,True,False,False,False,False,False,True,False
-1.3542109967116291,0.41313457346013055,2023-11-07 12:00:00,0.7615785833590368,-0.6116590279844317,False,False,False,False,False,False,True,False,False,False,False,True,False,False,False,False,True
0.4944429408977629,1.565482209969071,2023-11-08 00:00:00,0.0722892217941205,-1.2989163627984,False,False,False,False,False,True,False,True,False,False,False,False,False,False,True,False,False
1.3499618962812348,-1.507444820721437,2023-11-08 12:00:00,-0.7893224801620251,0.07559830682953635,False,False,False,False,False,False,True,False,True,False,False,False,False,False,True,False,False
-0.9057911494547738,0.029018694623817037,2023-11-09 00:00:00,-0.9616448205532544,-0.6116590279844317,False,False,False,False,False,True,False,False,False,False,False,True,False,False,False,False,True
-0.8281800220449334,-0.3550971842124965,2023-11-09 12:00:00,-0.9616448205532544,1.4501129764574725,False,False,False,True,False,False,False,False,False,False,True,False,True,False,False,False,False
0.5729523452452172,1.1813663311327576,2023-11-10 00:00:00,1.5370291151195679,-1.2989163627984,False,True,False,False,False,False,False,False,False,False,True,False,False,False,False,False,True
0.07710347568234814,-1.507444820721437,2023-11-10 12:00:00,0.0722892217941205,1.4501129764574725,False,False,False,True,False,False,False,False,False,False,True,False,False,False,False,True,False
-1.1079034604178997,1.565482209969071,2023-11-11 00:00:00,-0.7893224801620251,-0.6116590279844317,False,False,False,False,True,False,False,False,False,False,True,False,False,False,True,False,False
0.8702820115954158,0.41313457346013055,2023-11-11 12:00:00,1.1923844343371102,0.7628556416435044,False,False,False,False,True,False,False,False,False,False,True,False,False,False,False,True,False
-0.42161988008088536,-0.3550971842124965,2023-11-12 00:00:00,-1.4786118417269416,-0.6116590279844317,False,False,False,True,False,False,False,False,False,False,False,True,False,False,True,False,False
0.8808816794592598,1.565482209969071,2023-11-12 12:00:00,0.7615785833590368,1.4501129764574725,False,False,False,True,False,False,False,False,False,True,False,False,True,False,False,False,False
1.2660628303080972,0.029018694623817037,2023-11-13 00:00:00,-1.650934182118171,1.4501129764574725,False,False,False,False,True,False,False,False,False,False,False,True,True,False,False,False,False
0.13854561821513844,0.029018694623817037,2023-11-13 12:00:00,-0.35851662918395233,0.07559830682953635,False,False,True,False,False,False,False,True,False,False,False,False,False,False,True,False,False
1.3596632872074648,0.029018694623817037,2023-11-14 00:00:00,-1.7370953523137855,1.4501129764574725,False,True,False,False,False,False,False,False,False,False,False,True,False,True,False,False,False
-0.9383087745963967,-1.507444820721437,2023-11-14 12:00:00,0.33077273238096405,-0.6116590279844317,False,False,False,True,False,False,False,False,False,True,False,False,False,True,False,False,False
0.1060279930735155,-1.507444820721437,2023-11-15 00:00:00,0.6754174131634222,0.7628556416435044,True,False,False,False,False,False,False,False,False,False,False,True,False,False,True,False,False
1.4148174911769578,1.1813663311327576,2023-11-15 12:00:00,-0.7031613099664105,-1.2989163627984,False,False,False,False,False,True,False,True,False,False,False,False,False,False,False,True,False
-0.20818927970382434,1.1813663311327576,2023-11-16 00:00:00,1.0200620939458809,0.7628556416435044,True,False,False,False,False,False,False,False,False,False,True,False,False,False,False,True,False
-0.1807020054128392,0.41313457346013055,2023-11-16 12:00:00,-0.013871948401494139,0.7628556416435044,False,False,False,False,True,False,False,False,False,True,False,False,False,False,True,False,False
-0.8493793577726213,-0.3550971842124965,2023-11-17 00:00:00,0.589256242967808,-0.6116590279844317,True,False,False,False,False,False,False,False,False,True,False,False,False,True,False,False,False
0.0815948603704176,-1.1233289418851236,2023-11-17 12:00:00,0.589256242967808,-1.2989163627984,False,False,False,False,False,True,False,True,False,False,False,False,True,False,False,False,False
1.7268788993040243,-1.1233289418851236,2023-11-18 00:00:00,1.106223264141495,-1.2989163627984,False,False,False,False,False,True,False,False,False,True,False,False,False,False,False,False,True
1.0183180509141854,1.565482209969071,2023-11-18 12:00:00,1.7093514555107971,0.7628556416435044,False,False,True,False,False,False,False,False,False,False,False,True,False,False,False,True,False
0.33850206452799103,0.029018694623817037,2023-11-19 00:00:00,1.623190285315183,0.07559830682953635,False,False,False,False,True,False,False,False,True,False,False,False,False,False,False,True,False
-1.497216685179761,-0.3550971842124965,2023-11-19 12:00:00,-0.6170001397707963,1.4501129764574725,False,True,False,False,False,False,False,False,False,True,False,False,False,True,False,False,False
-0.46527613924892053,-1.507444820721437,2023-11-20 00:00:00,-0.7893224801620251,1.4501129764574725,False,False,False,False,False,False,True,False,False,False,True,False,False,False,False,True,False
0.46479980195650444,0.797250452296444,2023-11-20 12:00:00,-0.444677799379567,0.7628556416435044,False,False,False,False,False,True,False,False,False,True,False,False,False,False,False,True,False
-0.8826156044643353,-0.73921306304881,2023-11-21 00:00:00,-0.7893224801620251,-1.2989163627984,False,False,False,True,False,False,False,False,False,True,False,False,False,True,False,False,False
1.1129964401386898,0.41313457346013055,2023-11-21 12:00:00,-1.650934182118171,0.07559830682953635,False,True,False,False,False,False,False,False,False,True,False,False,True,False,False,False,False
0.622537232201504,0.029018694623817037,2023-11-22 00:00:00,0.0722892217941205,0.07559830682953635,False,True,False,False,False,False,False,False,False,False,True,False,False,False,False,True,False
-0.4859365088140401,0.029018694623817037,2023-11-22 12:00:00,-1.3062895013357125,-1.2989163627984,False,True,False,False,False,False,False,True,False,False,False,False,False,False,True,False,False
-0.47371994246249116,0.029018694623817037,2023-11-23 00:00:00,0.0722892217941205,0.07559830682953635,False,False,False,False,False,False,True,False,True,False,False,False,False,False,False,True,False
-0.011646285753904502,-1.507444820721437,2023-11-23 12:00:00,-0.7031613099664105,1.4501129764574725,False,False,False,False,True,False,False,False,False,False,True,False,False,True,False,False,False
-0.28184798858816357,-1.507444820721437,2023-11-24 00:00:00,0.15845039198973515,0.07559830682953635,False,False,False,False,True,False,False,False,False,False,False,True,True,False,False,False,False
-0.4751571855626734,-0.73921306304881,2023-11-24 12:00:00,-0.9616448205532544,-1.2989163627984,False,False,True,False,False,False,False,False,True,False,False,False,True,False,False,False,False
0.11195662086176719,-0.3550971842124965,2023-11-25 00:00:00,-1.4786118417269416,0.7628556416435044,False,False,False,True,False,False,False,False,False,True,False,False,True,False,False,False,False
1.4604499596077436,0.029018694623817037,2023-11-25 12:00:00,-0.013871948401494139,0.07559830682953635,True,False,False,False,False,False,False,False,False,False,False,True,False,False,True,False,False
-0.006436279515743922,-1.1233289418851236,2023-11-26 00:00:00,-1.4786118417269416,-1.2989163627984,False,False,False,False,False,False,True,False,False,True,False,False,False,False,False,True,False
-0.8890831984151554,1.1813663311327576,2023-11-26 12:00:00,-1.0478059907488688,1.4501129764574725,False,False,False,False,True,False,False,False,False,False,True,False,True,False,False,False,False
-0.8500979793227124,-1.1233289418851236,2023-11-27 00:00:00,0.6754174131634222,1.4501129764574725,False,False,False,False,False,True,False,False,False,False,True,False,False,True,False,False,False
0.13189836887679562,1.565482209969071,2023-11-27 12:00:00,-0.18619428879272343,-1.2989163627984,False,False,False,False,False,True,False,False,False,True,False,False,False,True,False,False,False
1.6129773836145826,-1.1233289418851236,2023-11-28 00:00:00,1.106223264141495,-1.2989163627984,False,False,False,False,False,True,False,False,False,False,True,False,False,False,False,False,True
-0.8432710745968468,1.565482209969071,2023-11-28 12:00:00,0.15845039198973515,-1.2989163627984,False,True,False,False,False,False,False,False,True,False,False,False,False,False,False,False,True
-0.45683233603534995,0.797250452296444,2023-11-29 00:00:00,1.0200620939458809,-1.2989163627984,False,False,False,True,False,False,False,False,False,False,True,False,False,False,True,False,False
1.245941426905546,1.1813663311327576,2023-11-29 12:00:00,-0.18619428879272343,-0.6116590279844317,False,False,True,False,False,False,False,False,False,False,True,False,False,True,False,False,False
1.7301126962794344,-1.1233289418851236,2023-11-30 00:00:00,-0.2723554589883377,-0.6116590279844317,False,False,False,False,True,False,False,False,False,True,False,False,False,False,False,True,False
-0.9740601967134297,0.797250452296444,2023-11-30 12:00:00,1.623190285315183,0.7628556416435044,False,True,False,False,False,False,False,False,False,False,False,True,True,False,False,False,False
-0.29550179803989474,0.41313457346013055,2023-12-01 00:00:00,-1.0478059907488688,-0.6116590279844317,False,False,False,True,False,False,False,True,False,False,False,False,False,False,False,True,False
0.8627364853194591,-0.3550971842124965,2023-12-01 12:00:00,-0.18619428879272343,-1.2989163627984,False,False,False,False,False,True,False,False,False,True,False,False,False,False,False,False,True
-0.7216443772439257,0.797250452296444,2023-12-02 00:00:00,-0.6170001397707963,-1.2989163627984,True,False,False,False,False,False,False,False,False,False,False,True,False,True,False,False,False
-0.9496270640103317,-0.3550971842124965,2023-12-02 12:00:00,0.2446115621853494,-1.2989163627984,False,False,True,False,False,False,False,False,False,True,False,False,True,False,False,False,False
-0.5958856059779806,-1.1233289418851236,2023-12-03 00:00:00,-1.1339671609444835,0.7628556416435044,False,False,False,True,False,False,False,True,False,False,False,False,False,False,False,True,False
-1.036220960796311,0.797250452296444,2023-12-03 12:00:00,-0.9616448205532544,0.07559830682953635,True,False,False,False,False,False,False,False,False,False,False,True,False,False,False,True,False
0.4364142507279054,1.1813663311327576,2023-12-04 00:00:00,1.5370291151195679,1.4501129764574725,False,False,False,True,False,False,False,False,False,False,False,True,False,False,False,True,False
0.47575878059539395,-1.1233289418851236,2023-12-04 12:00:00,-1.5647730119225562,1.4501129764574725,False,False,False,True,False,False,False,False,False,False,True,False,False,True,False,False,False
1.5637518074333414,0.029018694623817037,2023-12-05 00:00:00,1.106223264141495,-0.6116590279844317,False,False,True,False,False,False,False,False,True,False,False,False,False,False,False,True,False
-0.5985804367908223,-1.507444820721437,2023-12-05 12:00:00,0.5030950727721933,-0.6116590279844317,False,False,False,False,True,False,False,False,False,True,False,False,False,False,False,False,True
1.357866733332237,0.797250452296444,2023-12-06 00:00:00,1.623190285315183,-1.2989163627984,False,True,False,False,False,False,False,False,True,False,False,False,False,False,False,True,False
-0.4016781320658569,1.1813663311327576,2023-12-06 12:00:00,1.623190285315183,0.7628556416435044,False,False,False,False,False,False,True,False,True,False,False,False,False,False,False,True,False
1.005562518400068,0.41313457346013055,2023-12-07 00:00:00,0.4169339025765787,0.7628556416435044,False,True,False,False,False,False,False,False,True,False,False,False,False,False,False,False,True
-0.6014549229911867,0.029018694623817037,2023-12-07 12:00:00,-0.5308389695751816,-1.2989163627984,False,False,False,False,True,False,False,True,False,False,False,False,False,False,False,False,True
-0.628043920344558,0.41313457346013055,2023-12-08 00:00:00,-1.3062895013357125,-1.2989163627984,False,True,False,False,False,False,False,False,False,True,False,False,False,True,False,False,False
0.3685045142442951,-1.1233289418851236,2023-12-08 12:00:00,-0.5308389695751816,-1.2989163627984,True,False,False,False,False,False,False,False,False,False,False,True,False,True,False,False,False
0.5499564556423016,-1.507444820721437,2023-12-09 00:00:00,1.106223264141495,1.4501129764574725,False,True,False,False,False,False,False,False,False,True,False,False,False,True,False,False,False
0.058419315379979166,0.797250452296444,2023-12-09 12:00:00,-1.650934182118171,0.07559830682953635,False,False,False,False,False,False,True,False,True,False,False,False,False,False,False,False,True
-0.2001047872652993,0.797250452296444,2023-12-10 00:00:00,-1.3924506715313272,1.4501129764574725,False,False,False,False,False,False,True,False,False,True,False,False,True,False,False,False,False
1.5603383550704086,-1.1233289418851236,2023-12-10 12:00:00,0.33077273238096405,-1.2989163627984,False,False,False,False,True,False,False,False,False,True,False,False,False,False,False,True,False
-1.135390734708885,-1.1233289418851236,2023-12-11 00:00:00,0.2446115621853494,-1.2989163627984,True,False,False,False,False,False,False,False,False,False,True,False,False,True,False,False,False
-1.6024947422681093,-1.507444820721437,2023-12-11 12:00:00,-1.2201283311400979,-1.2989163627984,False,False,False,False,False,False,True,False,False,False,True,False,False,True,False,False,False
-0.969748467412883,1.1813663311327576,2023-12-12 00:00:00,-1.3924506715313272,1.4501129764574725,False,False,True,False,False,False,False,False,True,False,False,False,False,False,False,True,False
1.3418774038427097,1.1813663311327576,2023-12-12 12:00:00,-0.8754836503576398,0.7628556416435044,False,False,True,False,False,False,False,False,True,False,False,False,False,False,True,False,False
0.10333316226067382,-1.507444820721437,2023-12-13 00:00:00,0.9339009237502658,-1.2989163627984,False,False,False,True,False,False,False,False,True,False,False,False,False,False,False,False,True
0.3104758240744376,1.1813663311327576,2023-12-13 12:00:00,1.4508679449239537,0.07559830682953635,False,True,False,False,False,False,False,True,False,False,False,False,False,False,True,False,False
0.5937923701978595,1.565482209969071,2023-12-14 00:00:00,0.33077273238096405,-1.2989163627984,False,False,False,False,False,False,True,False,False,True,False,False,False,False,False,True,False
-0.8639314441619663,-0.3550971842124965,2023-12-14 12:00:00,-0.2723554589883377,0.07559830682953635,False,True,False,False,False,False,False,True,False,False,False,False,True,False,False,False,False
-1.0214892190194431,-1.507444820721437,2023-12-15 00:00:00,0.2446115621853494,0.07559830682953635,False,False,False,False,True,False,False,False,False,False,True,False,False,True,False,False,False
0.7420080649041518,-1.507444820721437,2023-12-15 12:00:00,1.3647067747283386,0.07559830682953635,True,False,False,False,False,False,False,False,False,False,False,True,False,False,False,True,False
-0.46797097006176225,-0.73921306304881,2023-12-16 00:00:00,-1.3062895013357125,-0.6116590279844317,False,False,True,False,False,False,False,False,False,True,False,False,True,False,False,False,False
-0.5766624795130433,0.029018694623817037,2023-12-16 12:00:00,0.7615785833590368,0.07559830682953635,False,False,False,True,False,False,False,False,False,True,False,False,False,False,False,True,False
1.3152884064893384,0.029018694623817037,2023-12-17 00:00:00,-0.35851662918395233,0.7628556416435044,False,False,False,False,False,False,True,False,False,True,False,False,False,False,False,True,False
1.6512439811569346,1.565482209969071,2023-12-17 12:00:00,-0.5308389695751816,-1.2989163627984,False,False,False,True,False,False,False,True,False,False,False,False,False,False,True,False,False
1.6871750586614902,-1.1233289418851236,2023-12-18 00:00:00,-1.650934182118171,1.4501129764574725,False,False,False,True,False,False,False,False,True,False,False,False,False,False,False,False,True
0.10315350687315104,-1.1233289418851236,2023-12-18 12:00:00,1.623190285315183,0.07559830682953635,False,True,False,False,False,False,False,False,False,False,True,False,False,False,False,True,False
0.8153074630134456,0.41313457346013055,2023-12-19 00:00:00,1.5370291151195679,0.7628556416435044,True,False,False,False,False,False,False,True,False,False,False,False,True,False,False,False,False
1.2030037892876018,1.565482209969071,2023-12-19 12:00:00,-0.8754836503576398,1.4501129764574725,False,False,False,False,True,False,False,False,False,False,True,False,True,False,False,False,False
0.16208047398062245,-1.507444820721437,2023-12-20 00:00:00,1.7093514555107971,0.7628556416435044,False,False,False,False,True,False,False,False,True,False,False,False,True,False,False,False,False
-0.7807509997389198,1.565482209969071,2023-12-20 12:00:00,0.0722892217941205,-0.6116590279844317,False,False,False,False,False,True,False,False,False,False,False,True,False,False,False,False,True
0.15579253541732518,1.565482209969071,2023-12-21 00:00:00,1.623190285315183,0.7628556416435044,False,False,False,False,False,False,True,False,True,False,False,False,False,False,False,False,True
0.16028392010539466,1.565482209969071,2023-12-21 12:00:00,0.33077273238096405,0.7628556416435044,True,False,False,False,False,False,False,False,False,True,False,False,True,False,False,False,False
0.5045036425990385,0.029018694623817037,2023-12-22 00:00:00,0.8477397535546515,-1.2989163627984,False,False,False,True,False,False,False,False,False,True,False,False,False,False,True,False,False
1.738376844105482,1.565482209969071,2023-12-22 12:00:00,0.9339009237502658,0.07559830682953635,False,False,False,True,False,False,False,True,False,False,False,False,False,False,False,False,True
-0.925912552857325,-0.3550971842124965,2023-12-23 00:00:00,0.5030950727721933,0.7628556416435044,False,False,True,False,False,False,False,False,True,False,False,False,False,False,False,True,False
0.7154190675507807,-1.1233289418851236,2023-12-23 12:00:00,-1.650934182118171,-1.2989163627984,False,True,False,False,False,False,False,True,False,False,False,False,False,False,True,False,False
0.8250088539396756,0.41313457346013055,2023-12-24 00:00:00,-0.7893224801620251,1.4501129764574725,False,False,False,True,False,False,False,False,False,False,True,False,False,False,True,False,False
1.4505689132939907,-0.3550971842124965,2023-12-24 12:00:00,0.9339009237502658,0.7628556416435044,False,False,False,False,False,True,False,False,False,False,False,True,True,False,False,False,False
-1.6678893033264006,0.41313457346013055,2023-12-25 00:00:00,1.106223264141495,-1.2989163627984,False,False,False,True,False,False,False,False,False,False,True,False,False,False,False,True,False
1.335948776054458,-0.73921306304881,2023-12-25 12:00:00,0.589256242967808,1.4501129764574725,False,False,False,False,False,True,False,False,False,False,True,False,False,False,True,False,False
-1.712264184044527,0.41313457346013055,2023-12-26 00:00:00,-1.7370953523137855,0.7628556416435044,False,False,True,False,False,False,False,False,True,False,False,False,True,False,False,False,False
0.6157103274756385,-1.1233289418851236,2023-12-26 12:00:00,-1.650934182118171,-1.2989163627984,True,False,False,False,False,False,False,False,False,True,False,False,True,False,False,False,False
-0.15608921732221853,-1.1233289418851236,2023-12-27 00:00:00,1.5370291151195679,-1.2989163627984,False,True,False,False,False,False,False,True,False,False,False,False,True,False,False,False,False
-0.257953822047634,1.565482209969071,2023-12-27 12:00:00,-1.5647730119225562,-1.2989163627984,False,False,False,False,True,False,False,False,True,False,False,False,False,False,True,False,False
-1.3403775318723752,0.797250452296444,2023-12-28 00:00:00,-0.444677799379567,1.4501129764574725,False,False,False,False,False,True,False,False,False,False,True,False,True,False,False,False,False
0.34011896301569605,-0.73921306304881,2023-12-28 12:00:00,-1.3062895013357125,-0.6116590279844317,False,False,False,True,False,False,False,False,True,False,False,False,False,False,True,False,False
1.1065288461878697,-1.507444820721437,2023-12-29 00:00:00,1.5370291151195679,0.7628556416435044,True,False,False,False,False,False,False,False,False,False,False,True,False,False,True,False,False
1.2867231998732167,1.1813663311327576,2023-12-29 12:00:00,1.0200620939458809,0.07559830682953635,False,True,False,False,False,False,False,False,False,True,False,False,False,False,False,True,False
-0.49887169671568016,0.41313457346013055,2023-12-30 00:00:00,-1.1339671609444835,0.7628556416435044,False,False,False,False,True,False,False,False,False,True,False,False,False,False,True,False,False
-0.8919576846155198,0.797250452296444,2023-12-30 12:00:00,0.8477397535546515,0.07559830682953635,True,False,False,False,False,False,False,False,True,False,False,False,True,False,False,False,False
0.9787938656591741,1.565482209969071,2023-12-31 00:00:00,0.6754174131634222,-0.6116590279844317,False,True,False,False,False,False,False,True,False,False,False,False,True,False,False,False,False
0.7253001138645334,0.029018694623817037,2023-12-31 12:00:00,-0.18619428879272343,-1.2989163627984,False,False,True,False,False,False,False,False,True,False,False,False,False,False,True,False,False
-0.8012317139165166,-1.507444820721437,2024-01-01 00:00:00,0.6754174131634222,-0.6116590279844317,False,False,False,False,False,True,False,True,False,False,False,False,False,False,True,False,False
-0.8019503354666077,0.797250452296444,2024-01-01 12:00:00,-1.5647730119225562,1.4501129764574725,False,False,False,False,False,True,False,False,False,False,True,False,False,True,False,False,False
1.517041406677419,0.029018694623817037,2024-01-02 00:00:00,1.2785456045327244,-1.2989163627984,False,False,False,False,False,True,False,False,True,False,False,False,True,False,False,False,False
1.386252284560836,-0.73921306304881,2024-01-02 12:00:00,0.33077273238096405,-1.2989163627984,False,False,False,True,False,False,False,False,False,True,False,False,False,True,False,False,False
1.7238247577161372,1.565482209969071,2024-01-03 00:00:00,1.5370291151195679,-0.6116590279844317,False,False,False,False,False,True,False,True,False,False,False,False,True,False,False,False,False
-0.6675681055995693,-1.507444820721437,2024-01-03 12:00:00,-0.013871948401494139,-0.6116590279844317,False,False,True,False,False,False,False,False,True,False,False,False,False,False,False,False,True
-1.4470928320609058,-1.507444820721437,2024-01-04 00:00:00,-0.6170001397707963,-1.2989163627984,False,False,False,True,False,False,False,True,False,False,False,False,False,False,True,False,False
-0.25400140352213285,-1.507444820721437,2024-01-04 12:00:00,-1.4786118417269416,1.4501129764574725,False,False,False,False,True,False,False,False,False,False,False,True,True,False,False,False,False
-0.34364944189599944,-0.73921306304881,2024-01-05 00:00:00,0.8477397535546515,0.7628556416435044,False,False,False,False,False,True,False,False,False,False,False,True,True,False,False,False,False
-0.4857568534265173,0.41313457346013055,2024-01-05 12:00:00,0.589256242967808,1.4501129764574725,False,False,False,False,True,False,False,False,True,False,False,False,False,True,False,False,False
-1.3797220617398638,-0.73921306304881,2024-01-06 00:00:00,1.3647067747283386,-0.6116590279844317,False,False,False,False,False,True,False,False,True,False,False,False,True,False,False,False,False
-1.167728704462985,1.1813663311327576,2024-01-06 12:00:00,-1.0478059907488688,0.07559830682953635,False,False,True,False,False,False,False,False,False,True,False,False,True,False,False,False,False
0.7037414673618,-1.1233289418851236,2024-01-07 00:00:00,-0.5308389695751816,-1.2989163627984,False,False,False,True,False,False,False,False,False,False,True,False,False,True,False,False,False
-0.2575945112725885,1.565482209969071,2024-01-07 12:00:00,1.2785456045327244,0.07559830682953635,False,False,False,False,False,True,False,False,False,False,False,True,True,False,False,False,False
-0.6891267521023027,-0.73921306304881,2024-01-08 00:00:00,0.2446115621853494,-0.6116590279844317,False,False,False,False,False,True,False,False,False,False,True,False,True,False,False,False,False
0.5724133790826489,0.029018694623817037,2024-01-08 12:00:00,-1.3924506715313272,0.7628556416435044,False,False,True,False,False,False,False,False,True,False,False,False,False,False,False,True,False
0.12237663333808836,1.1813663311327576,2024-01-09 00:00:00,-0.7893224801620251,0.7628556416435044,False,True,False,False,False,False,False,False,True,False,False,False,False,False,False,False,True
-1.531351208809089,-1.1233289418851236,2024-01-09 12:00:00,0.6754174131634222,0.7628556416435044,False,False,False,False,False,False,True,False,False,False,False,True,True,False,False,False,False
1.5763276845599359,0.41313457346013055,2024-01-10 00:00:00,-0.013871948401494139,-1.2989163627984,False,False,False,False,False,False,True,False,False,False,False,True,False,False,True,False,False
1.4541620210444464,0.029018694623817037,2024-01-10 12:00:00,-1.5647730119225562,0.7628556416435044,False,False,False,False,True,False,False,False,True,False,False,False,False,False,True,False,False
-0.6030718214788917,1.565482209969071,2024-01-11 00:00:00,-1.650934182118171,1.4501129764574725,False,False,False,True,False,False,False,False,True,False,False,False,True,False,False,False,False
1.2437855622552725,0.029018694623817037,2024-01-11 12:00:00,0.4169339025765787,-0.6116590279844317,False,False,False,False,False,True,False,False,False,False,False,True,True,False,False,False,False
0.9990949244492481,-1.1233289418851236,2024-01-12 00:00:00,0.9339009237502658,-1.2989163627984,False,True,False,False,False,False,False,True,False,False,False,False,False,False,True,False,False
-0.8899814753527693,0.029018694623817037,2024-01-12 12:00:00,-0.5308389695751816,1.4501129764574725,False,False,False,True,False,False,False,False,False,False,False,True,False,False,False,False,True
-0.5924721536150478,-0.3550971842124965,2024-01-13 00:00:00,-0.8754836503576398,0.07559830682953635,False,False,False,True,False,False,False,False,False,False,True,False,True,False,False,False,False
-1.0761044568263678,0.797250452296444,2024-01-13 12:00:00,-0.6170001397707963,-0.6116590279844317,False,False,False,False,False,False,True,False,True,False,False,False,False,False,True,False,False
0.33940034146560494,0.41313457346013055,2024-01-14 00:00:00,-0.18619428879272343,-0.6116590279844317,False,False,False,False,False,True,False,True,False,False,False,False,False,False,False,False,True
-0.6140308001177812,-1.1233289418851236,2024-01-14 12:00:00,-1.0478059907488688,-1.2989163627984,False,False,False,False,False,True,False,False,False,True,False,False,False,False,False,False,True
0.03757929042733684,0.029018694623817037,2024-01-15 00:00:00,-0.9616448205532544,-0.6116590279844317,False,True,False,False,False,False,False,False,True,False,False,False,False,False,False,False,True
-0.36377084529855064,0.797250452296444,2024-01-15 12:00:00,-0.7893224801620251,-1.2989163627984,False,False,False,False,True,False,False,False,False,False,False,True,False,True,False,False,False
-0.23855104019517392,0.797250452296444,2024-01-16 00:00:00,0.4169339025765787,1.4501129764574725,False,True,False,False,False,False,False,False,True,False,False,False,True,False,False,False,False
1.2630086887202099,0.029018694623817037,2024-01-16 12:00:00,0.6754174131634222,0.7628556416435044,False,False,False,False,False,True,False,True,False,False,False,False,False,False,False,True,False
-0.5775607564506572,1.565482209969071,2024-01-17 00:00:00,1.106223264141495,-0.6116590279844317,False,False,False,False,True,False,False,True,False,False,False,False,False,False,False,False,True
0.8593230329565263,-0.3550971842124965,2024-01-17 12:00:00,1.3647067747283386,0.7628556416435044,False,False,False,True,False,False,False,False,True,False,False,False,False,False,False,True,False
0.5972058225607922,-0.73921306304881,2024-01-18 00:00:00,-1.4786118417269416,-0.6116590279844317,True,False,False,False,False,False,False,True,False,False,False,False,False,False,False,True,False
-0.2951424872648492,-0.3550971842124965,2024-01-18 12:00:00,-0.5308389695751816,0.07559830682953635,False,False,True,False,False,False,False,False,True,False,False,False,False,True,False,False,False
0.46947084203209666,0.029018694623817037,2024-01-19 00:00:00,0.9339009237502658,-1.2989163627984,True,False,False,False,False,False,False,False,True,False,False,False,False,False,False,False,True
1.1034747045999824,0.41313457346013055,2024-01-19 12:00:00,-0.013871948401494139,-1.2989163627984,False,False,True,False,False,False,False,False,False,False,True,False,False,False,True,False,False
-0.5116272292297974,-0.73921306304881,2024-01-20 00:00:00,-1.5647730119225562,-0.6116590279844317,False,False,False,True,False,False,False,False,False,False,False,True,False,True,False,False,False
1.1367109512916964,-1.1233289418851236,2024-01-20 12:00:00,-1.5647730119225562,0.07559830682953635,False,False,True,False,False,False,False,False,False,False,True,False,False,False,False,False,True
-1.2780371124019712,-0.3550971842124965,2024-01-21 00:00:00,-0.35851662918395233,0.07559830682953635,False,True,False,False,False,False,False,False,False,False,False,True,False,False,False,False,True
1.713404745239816,0.029018694623817037,2024-01-21 12:00:00,0.8477397535546515,-1.2989163627984,True,False,False,False,False,False,False,False,False,False,False,True,True,False,False,False,False
1.0946715906113664,-0.3550971842124965,2024-01-22 00:00:00,1.0200620939458809,0.7628556416435044,False,False,False,False,False,True,False,False,False,True,False,False,True,False,False,False,False
-1.4057720929306667,-0.73921306304881,2024-01-22 12:00:00,-1.4786118417269416,0.07559830682953635,False,False,False,False,False,True,False,True,False,False,False,False,True,False,False,False,False
0.1044110945858105,1.1813663311327576,2024-01-23 00:00:00,0.0722892217941205,1.4501129764574725,False,False,False,False,False,True,False,False,False,False,True,False,False,False,False,True,False
0.17393772955712583,-0.3550971842124965,2024-01-23 12:00:00,1.4508679449239537,-0.6116590279844317,False,False,False,False,True,False,False,True,False,False,False,False,False,False,True,False,False
1.3787067582848793,-1.1233289418851236,2024-01-24 00:00:00,-0.7031613099664105,0.7628556416435044,False,False,False,False,False,True,False,True,False,False,False,False,False,True,False,False,False
0.8427947373044307,-1.1233289418851236,2024-01-24 12:00:00,-0.7031613099664105,-0.6116590279844317,False,False,False,False,True,False,False,False,False,False,False,True,False,False,False,False,True
-1.0372988931214477,-1.507444820721437,2024-01-25 00:00:00,-0.013871948401494139,1.4501129764574725,False,False,False,True,False,False,False,False,False,False,False,True,True,False,False,False,False
1.483625504598182,-0.3550971842124965,2024-01-25 12:00:00,-0.9616448205532544,0.7628556416435044,True,False,False,False,False,False,False,True,False,False,False,False,True,False,False,False,False
1.5326714253919007,1.565482209969071,2024-01-26 00:00:00,1.2785456045327244,0.7628556416435044,False,False,False,True,False,False,False,True,False,False,False,False,True,False,False,False,False
-1.4337983333842201,0.797250452296444,2024-01-26 12:00:00,-0.10003311859710878,0.07559830682953635,False,False,True,False,False,False,False,False,False,True,False,False,False,False,False,False,True
-0.7121226417052184,0.797250452296444,2024-01-27 00:00:00,-0.7031613099664105,1.4501129764574725,False,False,False,False,False,True,False,False,True,False,False,False,False,False,False,False,True
-0.5064172229916368,0.797250452296444,2024-01-27 12:00:00,-0.7031613099664105,-0.6116590279844317,True,False,False,False,False,False,False,False,False,True,False,False,False,True,False,False,False
0.3641927849437484,1.1813663311327576,2024-01-28 00:00:00,1.106223264141495,-0.6116590279844317,True,False,False,False,False,False,False,True,False,False,False,False,False,True,False,False,False
0.18022566812042307,-1.507444820721437,2024-01-28 12:00:00,0.0722892217941205,-0.6116590279844317,False,False,False,True,False,False,False,False,True,False,False,False,True,False,False,False,False
0.7782984531837531,1.1813663311327576,2024-01-29 00:00:00,0.8477397535546515,0.7628556416435044,False,False,False,False,False,False,True,False,False,False,False,True,False,False,False,False,True
0.6216389552638901,-0.3550971842124965,2024-01-29 12:00:00,-0.7893224801620251,-1.2989163627984,False,False,False,False,False,True,False,False,False,False,True,False,False,True,False,False,False
-1.2568377766742833,-0.3550971842124965,2024-01-30 00:00:00,0.589256242967808,-1.2989163627984,False,True,False,False,False,False,False,False,False,False,False,True,True,False,False,False,False
1.412302315751639,-0.3550971842124965,2024-01-30 12:00:00,-0.10003311859710878,-1.2989163627984,False,False,False,False,False,True,False,False,False,True,False,False,True,False,False,False,False
-0.945315334709785,0.41313457346013055,2024-01-31 00:00:00,-1.1339671609444835,-0.6116590279844317,False,False,False,False,True,False,False,False,True,False,False,False,True,False,False,False,False
0.21579743484993325,0.797250452296444,2024-01-31 12:00:00,-0.7893224801620251,1.4501129764574725,False,False,True,False,False,False,False,False,False,True,False,False,False,True,False,False,False
-0.08530499463824374,0.41313457346013055,2024-02-01 00:00:00,1.0200620939458809,1.4501129764574725,False,False,False,True,False,False,False,False,False,False,False,True,False,False,False,False,True
-0.7624261502115964,-1.507444820721437,2024-02-01 12:00:00,-1.650934182118171,-0.6116590279844317,False,False,False,False,False,True,False,False,False,False,False,True,False,False,True,False,False
1.2222269157525392,1.1813663311327576,2024-02-02 00:00:00,-1.0478059907488688,0.7628556416435044,False,True,False,False,False,False,False,False,False,False,False,True,False,True,False,False,False
-0.1665092297985397,0.797250452296444,2024-02-02 12:00:00,1.2785456045327244,-0.6116590279844317,False,False,False,False,False,True,False,False,False,False,False,True,False,True,False,False,False
0.8007553766241005,0.41313457346013055,2024-02-03 00:00:00,0.589256242967808,-1.2989163627984,False,False,False,False,False,True,False,False,False,True,False,False,False,False,False,False,True
-0.13453057081948508,0.41313457346013055,2024-02-03 12:00:00,0.7615785833590368,0.07559830682953635,False,False,False,False,False,True,False,True,False,False,False,False,True,False,False,False,False
-1.7011255500181148,0.029018694623817037,2024-02-04 00:00:00,-1.4786118417269416,-1.2989163627984,True,False,False,False,False,False,False,False,False,False,False,True,False,True,False,False,False
0.7781187977962304,0.41313457346013055,2024-02-04 12:00:00,-0.7893224801620251,-0.6116590279844317,False,False,True,False,False,False,False,False,False,False,True,False,False,False,True,False,False
1.6796295323855335,1.565482209969071,2024-02-05 00:00:00,-0.013871948401494139,1.4501129764574725,False,False,False,False,True,False,False,False,False,False,True,False,False,False,True,False,False
0.8485437097051596,1.565482209969071,2024-02-05 12:00:00,0.8477397535546515,0.7628556416435044,False,False,False,False,False,False,True,False,False,True,False,False,True,False,False,False,False
0.6554141681181725,1.1813663311327576,2024-02-06 00:00:00,1.2785456045327244,-1.2989163627984,True,False,False,False,False,False,False,True,False,False,False,False,False,False,True,False,False
-0.7232612757316307,1.565482209969071,2024-02-06 12:00:00,0.0722892217941205,0.07559830682953635,False,False,False,True,False,False,False,False,True,False,False,False,False,False,True,False,False
-1.570156772514009,1.1813663311327576,2024-02-07 00:00:00,-0.5308389695751816,0.07559830682953635,False,False,False,False,True,False,False,False,True,False,False,False,False,False,False,True,False
0.24579988456623728,1.1813663311327576,2024-02-07 12:00:00,-1.650934182118171,-1.2989163627984,False,False,False,False,True,False,False,False,True,False,False,False,False,False,True,False,False
0.7396725448663557,-1.507444820721437,2024-02-08 00:00:00,-0.5308389695751816,0.7628556416435044,False,False,False,False,False,False,True,False,True,False,False,False,False,False,True,False,False
1.0418529066796693,0.029018694623817037,2024-02-08 12:00:00,0.589256242967808,1.4501129764574725,False,False,False,False,True,False,False,False,False,True,False,False,False,False,True,False,False
0.7473977265298353,-0.3550971842124965,2024-02-09 00:00:00,-1.0478059907488688,1.4501129764574725,False,False,False,False,False,True,False,True,False,False,False,False,False,True,False,False,False
-0.5599545284734249,-1.1233289418851236,2024-02-09 12:00:00,0.0722892217941205,1.4501129764574725,False,False,False,False,True,False,False,True,False,False,False,False,False,False,True,False,False
-0.04542149860818689,1.1813663311327576,2024-02-10 00:00:00,-0.7031613099664105,0.07559830682953635,False,False,False,True,False,False,False,False,False,False,False,True,False,False,True,False,False
1.2615714456200278,-0.73921306304881,2024-02-10 12:00:00,-0.2723554589883377,-1.2989163627984,False,False,False,False,False,False,True,False,False,True,False,False,False,False,True,False,False
0.5808571822962194,-0.3550971842124965,2024-02-11 00:00:00,-1.1339671609444835,0.7628556416435044,False,False,True,False,False,False,False,False,True,False,False,False,False,True,False,False,False
-0.9661553596624274,0.797250452296444,2024-02-11 12:00:00,0.8477397535546515,-0.6116590279844317,True,False,False,False,False,False,False,True,False,False,False,False,False,False,False,False,True
-0.5933704305526617,1.565482209969071,2024-02-12 00:00:00,0.8477397535546515,-1.2989163627984,False,False,False,False,False,False,True,False,False,False,True,False,False,False,True,False,False
-1.3542109967116291,-1.1233289418851236,2024-02-12 12:00:00,0.6754174131634222,0.07559830682953635,False,False,False,True,False,False,False,False,False,False,False,True,False,False,False,True,False
-0.6023531999288007,-0.73921306304881,2024-02-13 00:00:00,-1.4786118417269416,1.4501129764574725,True,False,False,False,False,False,False,False,False,False,False,True,False,False,False,False,True
0.6027751395739984,-0.3550971842124965,2024-02-13 12:00:00,0.8477397535546515,-0.6116590279844317,False,False,True,False,False,False,False,False,False,False,False,True,False,False,True,False,False
0.5427702401413904,-1.507444820721437,2024-02-14 00:00:00,1.106223264141495,0.7628556416435044,False,True,False,False,False,False,False,False,True,False,False,False,False,True,False,False,False
0.032189628801653485,0.797250452296444,2024-02-14 12:00:00,0.8477397535546515,-0.6116590279844317,False,False,False,True,False,False,False,False,True,False,False,False,False,False,False,False,True
-1.3937351819666406,-1.1233289418851236,2024-02-15 00:00:00,-0.5308389695751816,1.4501129764574725,False,False,True,False,False,False,False,False,True,False,False,False,False,True,False,False,False
-1.3777458524771131,0.029018694623817037,2024-02-15 12:00:00,0.33077273238096405,-0.6116590279844317,False,True,False,False,False,False,False,False,False,False,True,False,False,False,False,True,False
-0.46671338234910276,-1.507444820721437,2024-02-16 00:00:00,0.2446115621853494,1.4501129764574725,True,False,False,False,False,False,False,False,False,False,False,True,False,False,False,False,True
1.5853104539360747,-0.73921306304881,2024-02-16 12:00:00,-0.7031613099664105,-0.6116590279844317,False,False,False,False,False,True,False,False,False,False,False,True,False,False,False,False,True
0.8997454951491515,-1.1233289418851236,2024-02-17 00:00:00,-0.10003311859710878,-1.2989163627984,True,False,False,False,False,False,False,True,False,False,False,False,True,False,False,False,False
0.6092427335248185,-1.507444820721437,2024-02-17 12:00:00,1.3647067747283386,-0.6116590279844317,False,True,False,False,False,False,False,False,False,False,False,True,False,False,False,False,True
-1.7205283318705749,0.797250452296444,2024-02-18 00:00:00,0.9339009237502658,-1.2989163627984,False,False,False,False,True,False,False,False,False,False,False,True,False,False,True,False,False
1.2680390395708476,0.029018694623817037,2024-02-18 12:00:00,-1.0478059907488688,0.07559830682953635,False,False,False,True,False,False,False,False,False,True,False,False,False,False,False,False,True
0.050155167553931346,-1.507444820721437,2024-02-19 00:00:00,0.5030950727721933,0.07559830682953635,True,False,False,False,False,False,False,False,True,False,False,False,True,False,False,False,False
-1.3234899254452341,0.41313457346013055,2024-02-19 12:00:00,-1.3924506715313272,0.7628556416435044,False,False,False,False,True,False,False,False,False,False,False,True,False,False,False,True,False
-0.45719164681039554,0.029018694623817037,2024-02-20 00:00:00,-1.650934182118171,-0.6116590279844317,False,False,False,False,False,True,False,False,False,False,True,False,False,False,False,True,False
1.5914187371118493,-0.73921306304881,2024-02-20 12:00:00,0.0722892217941205,-0.6116590279844317,False,False,True,False,False,False,False,False,True,False,False,False,True,False,False,False,False
-0.7723071965253492,0.797250452296444,2024-02-21 00:00:00,-0.18619428879272343,1.4501129764574725,True,False,False,False,False,False,False,True,False,False,False,False,True,False,False,False,False
-1.4312831579589012,1.565482209969071,2024-02-21 12:00:00,0.5030950727721933,-0.6116590279844317,False,False,False,False,False,True,False,False,False,False,False,True,False,False,False,True,False
-0.19291857176438815,1.565482209969071,2024-02-22 00:00:00,-0.2723554589883377,0.07559830682953635,False,False,True,False,False,False,False,False,False,False,True,False,False,True,False,False,False
-1.481047700302711,1.565482209969071,2024-02-22 12:00:00,1.7093514555107971,-0.6116590279844317,False,False,False,False,False,False,True,False,False,False,False,True,False,False,False,True,False
0.17645290498244473,-1.1233289418851236,2024-02-23 00:00:00,1.5370291151195679,1.4501129764574725,False,False,False,False,False,False,True,False,False,False,True,False,False,True,False,False,False
1.7301126962794344,-0.73921306304881,2024-02-23 12:00:00,0.2446115621853494,-0.6116590279844317,False,False,True,False,False,False,False,False,False,True,False,False,False,False,False,True,False
1.728675453179252,0.797250452296444,2024-02-24 00:00:00,0.7615785833590368,1.4501129764574725,False,False,False,False,True,False,False,False,False,False,False,True,True,False,False,False,False
1.5795614815353458,0.029018694623817037,2024-02-24 12:00:00,0.33077273238096405,1.4501129764574725,False,False,False,True,False,False,False,False,False,False,False,True,False,True,False,False,False
0.8345305894783829,-1.1233289418851236,2024-02-25 00:00:00,-1.3062895013357125,1.4501129764574725,False,False,False,True,False,False,False,False,False,True,False,False,False,False,True,False,False
-1.0951479279037823,-0.73921306304881,2024-02-25 12:00:00,0.6754174131634222,-0.6116590279844317,False,False,True,False,False,False,False,False,False,False,False,True,False,True,False,False,False
-0.049553572521210794,0.41313457346013055,2024-02-26 00:00:00,0.7615785833590368,-0.6116590279844317,False,True,False,False,False,False,False,False,False,False,False,True,False,True,False,False,False
-0.2877766163764153,0.797250452296444,2024-02-26 12:00:00,1.5370291151195679,-1.2989163627984,False,False,False,False,True,False,False,False,False,True,False,False,False,False,False,True,False
1.5094958804014622,1.565482209969071,2024-02-27 00:00:00,-0.35851662918395233,0.7628556416435044,False,False,False,False,False,False,True,False,False,True,False,False,False,False,True,False,False
0.47306394978255223,-1.507444820721437,2024-02-27 12:00:00,0.0722892217941205,0.7628556416435044,False,False,True,False,False,False,False,False,True,False,False,False,False,False,False,True,False
-1.679926214290427,0.797250452296444,2024-02-28 00:00:00,0.9339009237502658,1.4501129764574725,False,False,False,False,False,False,True,False,False,False,False,True,False,False,True,False,False
0.10333316226067382,1.1813663311327576,2024-02-28 12:00:00,-0.8754836503576398,0.7628556416435044,False,False,False,False,True,False,False,False,False,False,True,False,False,False,False,True,False
-1.3793627509648183,-0.73921306304881,2024-02-29 00:00:00,-1.4786118417269416,-1.2989163627984,False,False,True,False,False,False,False,False,False,False,False,True,False,False,False,True,False
-0.1830375254506353,-0.3550971842124965,2024-02-29 12:00:00,1.1923844343371102,-0.6116590279844317,False,False,False,True,False,False,False,False,True,False,False,False,False,False,False,True,False
-1.0879617124028713,0.41313457346013055,2024-03-01 00:00:00,1.0200620939458809,-1.2989163627984,False,False,True,False,False,False,False,True,False,False,False,False,False,True,False,False,False
-0.7778765135385554,0.797250452296444,2024-03-01 12:00:00,0.0722892217941205,-0.6116590279844317,False,True,False,False,False,False,False,False,False,True,False,False,False,False,False,False,True
1.694720584937447,-0.3550971842124965,2024-03-02 00:00:00,0.8477397535546515,-0.6116590279844317,False,False,False,True,False,False,False,False,False,False,True,False,False,False,False,True,False
-0.25579795739736066,1.1813663311327576,2024-03-02 12:00:00,1.106223264141495,-1.2989163627984,False,False,False,False,True,False,False,False,True,False,False,False,False,False,False,False,True
1.6812464308732387,0.029018694623817037,2024-03-03 00:00:00,0.5030950727721933,0.7628556416435044,False,True,False,False,False,False,False,False,False,False,False,True,False,False,True,False,False
-0.7493113069224335,-1.507444820721437,2024-03-03 12:00:00,-0.18619428879272343,1.4501129764574725,True,False,False,False,False,False,False,False,False,True,False,False,False,False,False,True,False
-1.1129338112685376,-0.3550971842124965,2024-03-04 00:00:00,-1.650934182118171,-1.2989163627984,False,False,True,False,False,False,False,False,False,True,False,False,True,False,False,False,False
0.28226992823336133,-0.73921306304881,2024-03-04 12:00:00,-1.3924506715313272,0.07559830682953635,False,False,False,False,False,False,True,False,False,False,False,True,False,False,False,True,False
-0.6530160192102242,1.565482209969071,2024-03-05 00:00:00,-1.7370953523137855,-1.2989163627984,False,False,True,False,False,False,False,False,False,False,True,False,True,False,False,False,False
-0.2836445424633914,1.1813663311327576,2024-03-05 12:00:00,0.6754174131634222,0.7628556416435044,False,False,False,True,False,False,False,True,False,False,False,False,False,False,False,False,True
-0.09374879785181434,-1.507444820721437,2024-03-06 00:00:00,0.0722892217941205,0.07559830682953635,False,True,False,False,False,False,False,False,False,False,True,False,True,False,False,False,False
1.0668250055453357,0.41313457346013055,2024-03-06 12:00:00,-1.3062895013357125,1.4501129764574725,False,False,True,False,False,False,False,True,False,False,False,False,False,True,False,False,False
1.7419699518559377,1.565482209969071,2024-03-07 00:00:00,0.2446115621853494,-1.2989163627984,False,False,True,False,False,False,False,False,False,True,False,False,False,False,True,False,False
-1.7083117655190259,0.797250452296444,2024-03-07 12:00:00,-0.013871948401494139,-0.6116590279844317,False,False,True,False,False,False,False,False,False,False,True,False,False,False,False,False,True
-0.3608963590981862,-0.3550971842124965,2024-03-08 00:00:00,1.2785456045327244,1.4501129764574725,True,False,False,False,False,False,False,False,False,True,False,False,False,True,False,False,False
1.3291218713285924,-1.507444820721437,2024-03-08 12:00:00,1.3647067747283386,1.4501129764574725,False,False,True,False,False,False,False,True,False,False,False,False,True,False,False,False,False
0.8038095182119878,-1.1233289418851236,2024-03-09 00:00:00,-0.6170001397707963,0.7628556416435044,False,False,False,True,False,False,False,False,False,False,False,True,False,False,False,False,True
1.4126616265266845,0.029018694623817037,2024-03-09 12:00:00,-1.650934182118171,0.7628556416435044,False,False,True,False,False,False,False,False,False,True,False,False,False,False,True,False,False
1.6050725465635804,0.029018694623817037,2024-03-10 00:00:00,-0.35851662918395233,-1.2989163627984,False,False,False,True,False,False,False,False,False,True,False,False,False,True,False,False,False
0.17052427719419302,1.1813663311327576,2024-03-10 12:00:00,1.623190285315183,-1.2989163627984,True,False,False,False,False,False,False,False,False,True,False,False,True,False,False,False,False
-0.013622495016655068,0.41313457346013055,2024-03-11 00:00:00,1.0200620939458809,-1.2989163627984,False,False,False,False,True,False,False,False,False,False,False,True,False,False,False,False,True
-0.4747978747876278,1.1813663311327576,2024-03-11 12:00:00,-1.1339671609444835,0.07559830682953635,False,False,False,False,False,True,False,False,False,False,True,False,False,True,False,False,False
0.4254552720890159,-1.1233289418851236,2024-03-12 00:00:00,-0.7893224801620251,-0.6116590279844317,False,False,True,False,False,False,False,False,True,False,False,False,False,False,False,True,False
-0.3201145861305154,-0.73921306304881,2024-03-12 12:00:00,-0.444677799379567,0.07559830682953635,False,False,False,False,False,True,False,False,True,False,False,False,False,False,True,False,False
-0.5427076112712381,0.41313457346013055,2024-03-13 00:00:00,-0.35851662918395233,0.07559830682953635,False,False,False,False,False,False,True,False,False,False,False,True,False,False,True,False,False
-0.6470873914219726,-0.73921306304881,2024-03-13 12:00:00,-1.3924506715313272,-0.6116590279844317,False,False,False,False,False,True,False,False,False,False,True,False,False,False,True,False,False
-0.8831545706269036,0.41313457346013055,2024-03-14 00:00:00,0.0722892217941205,-1.2989163627984,False,False,False,False,False,True,False,False,True,False,False,False,False,False,False,True,False
1.6147739374898105,0.41313457346013055,2024-03-14 12:00:00,-0.7031613099664105,1.4501129764574725,False,False,False,False,True,False,False,True,False,False,False,False,False,False,False,False,True
-0.0721901513490809,-1.1233289418851236,2024-03-15 00:00:00,0.2446115621853494,0.7628556416435044,False,False,False,False,False,True,False,False,False,False,True,False,True,False,False,False,False
1.708554049776701,0.797250452296444,2024-03-15 12:00:00,-0.9616448205532544,-1.2989163627984,False,False,False,True,False,False,False,False,False,False,True,False,False,False,False,False,True
-1.328340620908349,-1.1233289418851236,2024-03-16 00:00:00,0.5030950727721933,1.4501129764574725,False,False,True,False,False,False,False,False,True,False,False,False,False,True,False,False,False
-1.4979353067298522,0.41313457346013055,2024-03-16 12:00:00,0.8477397535546515,-0.6116590279844317,False,False,True,False,False,False,False,False,True,False,False,False,False,False,False,True,False
0.29825925772288864,-1.507444820721437,2024-03-17 00:00:00,1.106223264141495,-0.6116590279844317,True,False,False,False,False,False,False,False,False,False,True,False,False,False,False,False,True
0.5756471760580588,-0.73921306304881,2024-03-17 12:00:00,1.0200620939458809,1.4501129764574725,False,True,False,False,False,False,False,False,False,True,False,False,False,False,False,True,False
1.5801004476979141,-1.1233289418851236,2024-03-18 00:00:00,0.6754174131634222,-1.2989163627984,False,True,False,False,False,False,False,False,False,False,True,False,False,False,False,False,True
-1.059755816561795,0.797250452296444,2024-03-18 12:00:00,-0.013871948401494139,0.7628556416435044,False,False,False,True,False,False,False,False,False,False,True,False,True,False,False,False,False
-1.0002898832917553,-0.3550971842124965,2024-03-19 00:00:00,0.8477397535546515,-0.6116590279844317,False,True,False,False,False,False,False,True,False,False,False,False,False,False,True,False,False
0.30831995942416424,1.1813663311327576,2024-03-19 12:00:00,1.4508679449239537,-1.2989163627984,False,False,True,False,False,False,False,True,False,False,False,False,True,False,False,False,False
-1.368224116938406,0.41313457346013055,2024-03-20 00:00:00,1.2785456045327244,-1.2989163627984,False,False,False,False,True,False,False,True,False,False,False,False,False,False,False,False,True
-0.21501618442968992,-0.3550971842124965,2024-03-20 12:00:00,0.6754174131634222,-0.6116590279844317,False,True,False,False,False,False,False,False,False,True,False,False,False,False,False,False,True
1.437274414617305,0.029018694623817037,2024-03-21 00:00:00,-0.5308389695751816,-1.2989163627984,False,False,False,False,True,False,False,False,True,False,False,False,False,False,False,False,True
1.039876697416919,1.565482209969071,2024-03-21 12:00:00,-1.7370953523137855,-1.2989163627984,False,True,False,False,False,False,False,False,False,True,False,False,True,False,False,False,False
-0.6822998473764371,0.797250452296444,2024-03-22 00:00:00,-0.013871948401494139,-1.2989163627984,False,False,True,False,False,False,False,True,False,False,False,False,False,False,False,True,False
-0.750568894635093,1.565482209969071,2024-03-22 12:00:00,-1.1339671609444835,-0.6116590279844317,False,False,False,False,False,False,True,False,False,False,True,False,False,False,False,True,False
-0.0251204398181129,0.797250452296444,2024-03-23 00:00:00,-0.5308389695751816,-1.2989163627984,False,False,False,False,True,False,False,True,False,False,False,False,False,True,False,False,False
-1.556502963062278,-1.507444820721437,2024-03-23 12:00:00,-1.650934182118171,-0.6116590279844317,False,False,False,False,True,False,False,False,False,False,True,False,False,False,False,True,False
-1.6468696229862356,1.1813663311327576,2024-03-24 00:00:00,-1.2201283311400979,0.07559830682953635,False,False,False,False,False,False,True,False,True,False,False,False,False,False,False,False,True
1.6172891129151294,-0.3550971842124965,2024-03-24 12:00:00,-0.8754836503576398,0.7628556416435044,True,False,False,False,False,False,False,False,True,False,False,False,True,False,False,False,False
0.2161567456249788,-0.73921306304881,2024-03-25 00:00:00,1.1923844343371102,-1.2989163627984,False,False,False,False,False,False,True,True,False,False,False,False,False,False,True,False,False
-1.5209311963327679,0.797250452296444,2024-03-25 12:00:00,0.0722892217941205,-1.2989163627984,True,False,False,False,False,False,False,False,False,True,False,False,False,False,False,False,True
0.30077443314820757,-0.73921306304881,2024-03-26 00:00:00,0.0722892217941205,1.4501129764574725,False,False,True,False,False,False,False,False,True,False,False,False,False,True,False,False,False
1.392001256961565,1.1813663311327576,2024-03-26 12:00:00,-0.013871948401494139,0.7628556416435044,False,False,False,False,True,False,False,False,False,False,True,False,False,True,False,False,False
-1.302470245105069,0.41313457346013055,2024-03-27 00:00:00,-0.18619428879272343,1.4501129764574725,False,False,True,False,False,False,False,False,True,False,False,False,False,False,False,False,True
-0.7568568331983903,0.029018694623817037,2024-03-27 12:00:00,1.106223264141495,-0.6116590279844317,True,False,False,False,False,False,False,False,True,False,False,False,False,False,False,False,True
-1.3191781961446873,-0.3550971842124965,2024-03-28 00:00:00,0.589256242967808,-1.2989163627984,False,False,False,False,True,False,False,False,True,False,False,False,False,False,True,False,False
1.6965171388126747,1.1813663311327576,2024-03-28 12:00:00,1.5370291151195679,0.7628556416435044,False,True,False,False,False,False,False,False,True,False,False,False,False,False,False,True,False
-0.8935745831032248,1.1813663311327576,2024-03-29 00:00:00,0.15845039198973515,-0.6116590279844317,False,False,False,False,False,False,True,False,True,False,False,False,True,False,False,False,False
0.783328804034391,-1.507444820721437,2024-03-29 12:00:00,0.0722892217941205,0.7628556416435044,False,False,False,False,True,False,False,False,False,True,False,False,False,False,False,True,False
1.5563859365449073,1.565482209969071,2024-03-30 00:00:00,1.5370291151195679,-1.2989163627984,False,False,True,False,False,False,False,False,False,False,True,False,False,False,True,False,False
0.27274819269465406,0.029018694623817037,2024-03-30 12:00:00,-1.0478059907488688,0.07559830682953635,False,False,False,False,False,True,False,False,False,False,True,False,False,True,False,False,False
0.6904469686851143,-0.3550971842124965,2024-03-31 00:00:00,-1.1339671609444835,-1.2989163627984,False,False,False,False,True,False,False,False,False,True,False,False,False,False,True,False,False
-0.5775607564506572,0.41313457346013055,2024-03-31 12:00:00,1.3647067747283386,0.7628556416435044,False,False,False,False,False,True,False,True,False,False,False,False,True,False,False,False,False
-0.5797166211009306,0.41313457346013055,2024-04-01 00:00:00,0.15845039198973515,0.7628556416435044,False,False,False,False,True,False,False,True,False,False,False,False,False,True,False,False,False
-0.3095149182666715,-1.1233289418851236,2024-04-01 12:00:00,-1.4786118417269416,0.07559830682953635,False,False,False,False,False,False,True,False,True,False,False,False,False,False,False,False,True
-1.1422176394347505,1.1813663311327576,2024-04-02 00:00:00,1.7093514555107971,-0.6116590279844317,False,False,False,False,False,False,True,False,False,False,True,False,False,True,False,False,False
0.8616585529943225,0.797250452296444,2024-04-02 12:00:00,-0.7893224801620251,1.4501129764574725,False,False,False,False,True,False,False,False,False,True,False,False,False,False,True,False,False
1.6472915626314335,-1.507444820721437,2024-04-03 00:00:00,0.33077273238096405,0.07559830682953635,False,False,False,False,False,False,True,False,False,True,False,False,False,False,True,False,False
-1.2027615050299267,0.029018694623817037,2024-04-03 12:00:00,-1.7370953523137855,1.4501129764574725,False,False,False,False,False,True,False,False,False,False,True,False,False,True,False,False,False
-1.0473595948227232,0.41313457346013055,2024-04-04 00:00:00,-0.7031613099664105,-1.2989163627984,False,False,False,True,False,False,False,False,False,False,True,False,False,False,False,True,False
1.1110202308759392,-0.3550971842124965,2024-04-04 12:00:00,-0.2723554589883377,0.07559830682953635,False,False,False,False,True,False,False,True,False,False,False,False,False,False,False,False,True
1.2382162452420664,-1.1233289418851236,2024-04-05 00:00:00,-1.650934182118171,0.07559830682953635,False,False,False,False,True,False,False,True,False,False,False,False,False,False,True,False,False
-1.2417467241223699,-0.3550971842124965,2024-04-05 12:00:00,-0.8754836503576398,0.07559830682953635,False,False,False,False,True,False,False,False,False,True,False,False,False,False,False,True,False
-0.48288236722615285,-1.507444820721437,2024-04-06 00:00:00,1.0200620939458809,0.7628556416435044,True,False,False,False,False,False,False,False,False,False,False,True,False,False,False,False,True
0.10081798683535492,0.797250452296444,2024-04-06 12:00:00,0.5030950727721933,0.7628556416435044,True,False,False,False,False,False,False,False,False,True,False,False,False,False,True,False,False
-1.5796785080527165,-1.1233289418851236,2024-04-07 00:00:00,0.33077273238096405,0.7628556416435044,False,False,True,False,False,False,False,False,True,False,False,False,False,True,False,False,False
-1.3419944303600804,-1.1233289418851236,2024-04-07 12:00:00,-0.8754836503576398,-0.6116590279844317,False,False,True,False,False,False,False,False,False,True,False,False,True,False,False,False,False
-0.6839167458641422,1.565482209969071,2024-04-08 00:00:00,0.33077273238096405,0.7628556416435044,False,False,True,False,False,False,False,True,False,False,False,False,False,False,False,False,True
0.4872567253968518,0.029018694623817037,2024-04-08 12:00:00,0.2446115621853494,0.7628556416435044,False,False,False,False,False,False,True,False,True,False,False,False,False,False,False,True,False
0.8205174692516062,-1.1233289418851236,2024-04-09 00:00:00,1.106223264141495,0.7628556416435044,False,False,True,False,False,False,False,False,False,False,False,True,False,False,False,True,False
0.27400578040731355,1.565482209969071,2024-04-09 12:00:00,-0.013871948401494139,1.4501129764574725,False,False,False,True,False,False,False,False,True,False,False,False,False,False,True,False,False
0.2161567456249788,1.565482209969071,2024-04-10 00:00:00,1.3647067747283386,1.4501129764574725,False,False,False,False,False,False,True,False,True,False,False,False,False,False,False,False,True
0.32538722123882824,-1.507444820721437,2024-04-10 12:00:00,-1.4786118417269416,-1.2989163627984,False,False,False,False,True,False,False,False,False,False,True,False,False,False,False,False,True
0.6131951520503196,-0.73921306304881,2024-04-11 00:00:00,-0.35851662918395233,1.4501129764574725,True,False,False,False,False,False,False,False,False,False,False,True,False,False,False,False,True
-1.575905744914738,-0.3550971842124965,2024-04-11 12:00:00,1.106223264141495,-0.6116590279844317,False,False,False,True,False,False,False,False,False,False,False,True,False,True,False,False,False
1.283309747510284,0.797250452296444,2024-04-12 00:00:00,-1.5647730119225562,0.07559830682953635,False,False,False,False,False,False,True,False,False,False,True,False,False,False,False,True,False
0.1716022095193297,-0.3550971842124965,2024-04-12 12:00:00,0.4169339025765787,1.4501129764574725,False,False,False,False,False,False,True,True,False,False,False,False,False,True,False,False,False
-1.2832471186401317,-1.1233289418851236,2024-04-13 00:00:00,0.0722892217941205,-1.2989163627984,False,True,False,False,False,False,False,False,False,True,False,False,True,False,False,False,False
0.1565111569674163,0.797250452296444,2024-04-13 12:00:00,-1.1339671609444835,-0.6116590279844317,False,True,False,False,False,False,False,False,False,False,False,True,False,False,False,True,False
0.14267769212816234,0.41313457346013055,2024-04-14 00:00:00,1.3647067747283386,1.4501129764574725,False,True,False,False,False,False,False,False,True,False,False,False,False,False,False,False,True
-0.3238873492684938,-0.73921306304881,2024-04-14 12:00:00,0.4169339025765787,-0.6116590279844317,False,False,False,False,True,False,False,False,False,True,False,False,True,False,False,False,False
0.3390410306905594,0.41313457346013055,2024-04-15 00:00:00,-1.0478059907488688,0.7628556416435044,False,False,True,False,False,False,False,False,False,False,True,False,False,False,False,False,True
1.3981095401373393,0.41313457346013055,2024-04-15 12:00:00,-0.5308389695751816,-1.2989163627984,False,True,False,False,False,False,False,False,True,False,False,False,True,False,False,False,False
1.031612549590871,0.029018694623817037,2024-04-16 00:00:00,0.9339009237502658,-0.6116590279844317,True,False,False,False,False,False,False,False,False,False,True,False,False,False,False,True,False
-1.5735702248769419,-0.3550971842124965,2024-04-16 12:00:00,-1.650934182118171,0.07559830682953635,True,False,False,False,False,False,False,True,False,False,False,False,False,False,False,False,True
-0.438148175732981,-1.507444820721437,2024-04-17 00:00:00,-1.3062895013357125,0.07559830682953635,False,False,False,False,True,False,False,False,True,False,False,False,False,True,False,False,False
-0.9224991004943922,0.41313457346013055,2024-04-17 12:00:00,1.623190285315183,-0.6116590279844317,False,False,True,False,False,False,False,False,False,True,False,False,False,False,False,True,False
1.0343073804037126,-1.1233289418851236,2024-04-18 00:00:00,-0.9616448205532544,-0.6116590279844317,True,False,False,False,False,False,False,True,False,False,False,False,False,False,True,False,False
0.7274559785148068,-0.73921306304881,2024-04-18 12:00:00,-1.1339671609444835,0.7628556416435044,False,False,False,False,False,True,False,False,False,False,False,True,False,False,False,True,False
-0.651578776110042,1.1813663311327576,2024-04-19 00:00:00,1.4508679449239537,-0.6116590279844317,False,False,False,True,False,False,False,False,False,False,True,False,False,False,False,False,True
-1.6995086515304099,0.41313457346013055,2024-04-19 12:00:00,1.2785456045327244,1.4501129764574725,True,False,False,False,False,False,False,False,False,False,True,False,True,False,False,False,False
-0.14207609709544178,-0.73921306304881,2024-04-20 00:00:00,1.106223264141495,-0.6116590279844317,False,False,True,False,False,False,False,False,False,False,True,False,False,False,False,False,True
0.3692231357943862,0.797250452296444,2024-04-20 12:00:00,0.9339009237502658,0.07559830682953635,False,True,False,False,False,False,False,False,False,False,False,True,True,False,False,False,False
-0.4293450617443648,-0.3550971842124965,2024-04-21 00:00:00,-1.0478059907488688,-1.2989163627984,False,False,False,True,False,False,False,False,False,True,False,False,False,False,True,False,False
0.35449139401751834,1.565482209969071,2024-04-21 12:00:00,-1.3062895013357125,-1.2989163627984,True,False,False,False,False,False,False,False,False,True,False,False,True,False,False,False,False
-1.1170658851815614,0.029018694623817037,2024-04-22 00:00:00,-1.3062895013357125,-0.6116590279844317,False,False,True,False,False,False,False,False,False,True,False,False,False,True,False,False,False
-1.0399937239342893,-0.73921306304881,2024-04-22 12:00:00,1.5370291151195679,-1.2989163627984,False,False,False,False,False,False,True,False,True,False,False,False,False,False,False,False,True
0.9931662966609964,-1.1233289418851236,2024-04-23 00:00:00,-0.10003311859710878,1.4501129764574725,False,False,False,False,False,False,True,False,False,False,False,True,False,True,False,False,False
0.7423673756791974,-1.1233289418851236,2024-04-23 12:00:00,-0.10003311859710878,0.7628556416435044,False,False,False,False,False,True,False,True,False,False,False,False,False,True,False,False,False
-1.4002027759174605,-0.73921306304881,2024-04-24 00:00:00,-1.2201283311400979,0.7628556416435044,False,False,False,False,False,True,False,False,False,True,False,False,True,False,False,False,False
0.26358576793099237,-1.1233289418851236,2024-04-24 12:00:00,-0.2723554589883377,0.07559830682953635,False,False,False,False,False,False,True,False,False,False,True,False,False,True,False,False,False
-1.0976631033291013,-0.3550971842124965,2024-04-25 00:00:00,1.1923844343371102,0.7628556416435044,False,False,False,True,False,False,False,False,True,False,False,False,False,False,False,False,True
-1.1082627711929454,-1.1233289418851236,2024-04-25 12:00:00,-0.444677799379567,-0.6116590279844317,True,False,False,False,False,False,False,False,False,False,True,False,False,False,False,True,False
-1.426612117883309,1.565482209969071,2024-04-26 00:00:00,-1.1339671609444835,-1.2989163627984,False,False,False,False,False,True,False,False,True,False,False,False,True,False,False,False,False
0.9286700125403189,-1.1233289418851236,2024-04-26 12:00:00,-1.1339671609444835,0.07559830682953635,True,False,False,False,False,False,False,False,False,False,False,True,False,True,False,False,False
1.7656844630089445,1.565482209969071,2024-04-27 00:00:00,1.7093514555107971,1.4501129764574725,False,True,False,False,False,False,False,False,True,False,False,False,False,False,False,True,False
1.7372989117803455,0.41313457346013055,2024-04-27 12:00:00,0.2446115621853494,1.4501129764574725,False,False,True,False,False,False,False,False,False,False,False,True,False,False,True,False,False
-1.170243879888304,-1.507444820721437,2024-04-28 00:00:00,-0.7893224801620251,0.07559830682953635,False,False,False,False,True,False,False,True,False,False,False,False,True,False,False,False,False
-1.3890641418910483,-0.3550971842124965,2024-04-28 12:00:00,0.5030950727721933,1.4501129764574725,False,False,False,False,True,False,False,False,False,False,True,False,False,False,False,False,True
-0.8845918137270858,-1.507444820721437,2024-04-29 00:00:00,0.33077273238096405,-1.2989163627984,True,False,False,False,False,False,False,False,False,False,True,False,False,False,False,False,True
-0.5518700360348998,0.41313457346013055,2024-04-29 12:00:00,0.33077273238096405,0.07559830682953635,False,False,False,False,True,False,False,False,False,True,False,False,False,True,False,False,False
-1.2356384409465953,-0.3550971842124965,2024-04-30 00:00:00,0.2446115621853494,-0.6116590279844317,False,False,False,True,False,False,False,False,False,False,True,False,False,False,False,True,False
0.3787448713330935,-0.73921306304881,2024-04-30 12:00:00,-0.35851662918395233,0.07559830682953635,False,False,False,False,False,True,False,False,False,False,False,True,False,False,True,False,False
-0.011107319591336167,-0.73921306304881,2024-05-01 00:00:00,-1.650934182118171,0.07559830682953635,False,True,False,False,False,False,False,False,False,False,False,True,False,False,False,True,False
-0.562290048511221,1.565482209969071,2024-05-01 12:00:00,1.7093514555107971,0.7628556416435044,False,False,True,False,False,False,False,False,False,False,False,True,False,False,True,False,False
-0.9654367381123362,0.41313457346013055,2024-05-02 00:00:00,-0.10003311859710878,1.4501129764574725,False,False,False,False,False,False,True,False,False,False,True,False,False,False,True,False,False
0.6536176142429447,1.565482209969071,2024-05-02 12:00:00,-0.7893224801620251,-1.2989163627984,False,False,False,True,False,False,False,False,False,False,False,True,False,True,False,False,False
-0.29029179180173414,0.029018694623817037,2024-05-03 00:00:00,1.1923844343371102,1.4501129764574725,False,False,False,False,True,False,False,False,True,False,False,False,False,False,True,False,False
1.3176239265271346,-1.1233289418851236,2024-05-03 12:00:00,0.2446115621853494,1.4501129764574725,False,False,False,False,False,True,False,False,False,True,False,False,False,False,False,True,False
-1.4302052256337645,1.1813663311327576,2024-05-04 00:00:00,1.623190285315183,0.07559830682953635,True,False,False,False,False,False,False,True,False,False,False,False,False,False,False,False,True
0.13082043655165895,0.029018694623817037,2024-05-04 12:00:00,-0.444677799379567,1.4501129764574725,False,False,True,False,False,False,False,False,False,False,True,False,False,True,False,False,False
-0.2897528256391658,-1.1233289418851236,2024-05-05 00:00:00,-1.2201283311400979,0.7628556416435044,False,False,False,False,True,False,False,False,False,False,True,False,False,False,True,False,False
-0.18124097157540753,-0.3550971842124965,2024-05-05 12:00:00,0.7615785833590368,1.4501129764574725,False,True,False,False,False,False,False,True,False,False,False,False,False,False,False,True,False
-0.2723262530494563,1.565482209969071,2024-05-06 00:00:00,0.2446115621853494,-0.6116590279844317,False,False,False,True,False,False,False,False,True,False,False,False,False,True,False,False,False
-0.16525164208588022,-0.3550971842124965,2024-05-06 12:00:00,0.15845039198973515,-0.6116590279844317,False,False,False,True,False,False,False,True,False,False,False,False,True,False,False,False,False
-1.0753858352762768,-0.3550971842124965,2024-05-07 00:00:00,0.589256242967808,-0.6116590279844317,False,False,False,False,True,False,False,False,False,False,False,True,False,False,False,True,False
-0.5035427367912724,-1.1233289418851236,2024-05-07 12:00:00,-1.3062895013357125,0.7628556416435044,False,False,True,False,False,False,False,False,False,True,False,False,False,False,False,False,True
0.6539769250179903,0.41313457346013055,2024-05-08 00:00:00,-0.2723554589883377,-1.2989163627984,False,False,False,False,False,False,True,True,False,False,False,False,False,False,False,True,False
-0.0790170560749465,-1.1233289418851236,2024-05-08 12:00:00,-1.3924506715313272,1.4501129764574725,False,False,False,False,True,False,False,False,False,True,False,False,False,False,False,True,False
-0.8290782989825473,0.797250452296444,2024-05-09 00:00:00,-0.013871948401494139,-1.2989163627984,False,False,False,False,True,False,False,False,True,False,False,False,True,False,False,False,False
0.7014059473240039,-0.73921306304881,2024-05-09 12:00:00,1.1923844343371102,-1.2989163627984,False,True,False,False,False,False,False,True,False,False,False,False,False,False,False,False,True
1.4378133807798734,-0.73921306304881,2024-05-10 00:00:00,-1.0478059907488688,0.7628556416435044,True,False,False,False,False,False,False,True,False,False,False,False,False,True,False,False,False
0.6045716934492262,0.029018694623817037,2024-05-10 12:00:00,1.2785456045327244,0.07559830682953635,False,False,False,True,False,False,False,False,False,False,True,False,False,False,False,False,True
0.48977190082217065,-0.73921306304881,2024-05-11 00:00:00,-0.9616448205532544,-0.6116590279844317,False,True,False,False,False,False,False,True,False,False,False,False,True,False,False,False,False
-1.3646310091879503,-1.1233289418851236,2024-05-11 12:00:00,0.5030950727721933,0.7628556416435044,False,False,False,False,False,False,True,False,False,False,True,False,False,False,False,True,False
-0.7701513318750759,1.565482209969071,2024-05-12 00:00:00,-0.8754836503576398,1.4501129764574725,False,False,False,False,True,False,False,False,False,False,True,False,True,False,False,False,False
0.612835841275274,-1.1233289418851236,2024-05-12 12:00:00,-1.0478059907488688,0.07559830682953635,False,True,False,False,False,False,False,False,False,False,True,False,False,False,True,False,False
0.6981721503485939,-1.1233289418851236,2024-05-13 00:00:00,-0.8754836503576398,0.07559830682953635,False,False,False,False,True,False,False,True,False,False,False,False,False,True,False,False,False
-0.9352546330085094,1.1813663311327576,2024-05-13 12:00:00,0.2446115621853494,-1.2989163627984,False,False,True,False,False,False,False,False,False,False,True,False,True,False,False,False,False
-0.867524551912422,1.565482209969071,2024-05-14 00:00:00,1.4508679449239537,1.4501129764574725,False,False,False,True,False,False,False,False,False,False,False,True,False,False,False,True,False
1.7087337051642237,0.797250452296444,2024-05-14 12:00:00,1.2785456045327244,-1.2989163627984,False,False,False,False,True,False,False,True,False,False,False,False,True,False,False,False,False
0.6981721503485939,0.029018694623817037,,-3.826324599192724e-16,-2.44162853424956e-16,False,False,False,False,True,False,False,True,False,False,False,False,True,False,False,False,False
-0.9352546330085094,0.029018694623817037,,-3.826324599192724e-16,-2.44162853424956e-16,False,False,False,False,True,False,False,False,False,False,True,False,True,False,False,False,False
-0.867524551912422,0.029018694623817037,,-3.826324599192724e-16,-2.44162853424956e-16,False,False,False,False,True,False,False,False,False,False,False,True,True,False,False,False,False
1.7087337051642237,0.029018694623817037,,-3.826324599192724e-16,-2.44162853424956e-16,False,False,False,False,True,False,False,True,False,False,False,False,True,False,False,False,False
0.0,0.029018694623817037,,-3.826324599192724e-16,-2.44162853424956e-16,False,False,False,False,True,False,False,False,False,False,True,False,True,False,False,False,False
0.0,0.029018694623817037,,-3.826324599192724e-16,-2.44162853424956e-16,False,False,False,False,True,False,False,False,False,False,True,False,True,False,False,False,False
